{"type": "FeatureCollection", "features": [{"type": "Feature", "id": 0, "geometry": {"type": "Point", "coordinates": [113.999715, 22.597309]}, "properties": {"city": "venice", "timestamp": "2026-07-17 12:56:16", "image": "extracted_frames/2026-07-17_12-56-16.jpg", "audio": "", "event_mark": "", "heart_rate": 92.0, "rr": 650.667, "temperature": 36.8, "attention": 54.0, "relaxation": 56.0, "sync_rate": 25.0, "mental_effort": -26.0, "familarity": -10.0, "pitch": 17.0, "yaw": -153.0, "roll": -8.0, "delta": 393067, "theta": 36935, "low_alpha": 6561, "high_alpha": 2951, "alpha": 9512, "low_beta": 12892, "high_beta": 26915, "beta": 39807, "low_gamma": 19727, "mid_gamma": 16827, "gamma": 36554, "rank": 0, "value": 92.0, "hr": 92.0, "unit": "bpm", "interpolated_fields": "rr", "image_expected_filename": "2026-07-17_12-56-16.jpg", "spectrogram": "spectrogram/2026-07-17_12-56-16.jpg"}}, {"type": "Feature", "id": 2, "geometry": {"type": "Point", "coordinates": [113.999676, 22.597213]}, "properties": {"city": "venice", "timestamp": "2026-07-17 12:56:26", "image": "extracted_frames/2026-07-17_12-56-26.jpg", "audio": "", "event_mark": "", "heart_rate": 90.0, "rr": 683.0, "temperature": 36.8, "attention": 94.0, "relaxation": 23.0, "sync_rate": 26.0, "mental_effort": -9.0, "familarity": -9.0, "pitch": -1.0, "yaw": -106.0, "roll": -4.0, "delta": 563527, "theta": 58334, "low_alpha": 6470, "high_alpha": 8347, "alpha": 14817, "low_beta": 11519, "high_beta": 77868, "beta": 89387, "low_gamma": 23806, "mid_gamma": 27096, "gamma": 50902, "rank": 1, "value": 90.0, "hr": 90.0, "unit": "bpm", "interpolated_fields": "", "image_expected_filename": "2026-07-17_12-56-26.jpg", "spectrogram": "spectrogram/2026-07-17_12-56-26.jpg"}}, {"type": "Feature", "id": 4, "geometry": {"type": "Point", "coordinates": [113.999648, 22.597122]}, "properties": {"city": "venice", "timestamp": "2026-07-17 12:56:36", "image": "extracted_frames/2026-07-17_12-56-36.jpg", "audio": "", "event_mark": "", "heart_rate": 89.0, "rr": 694.0, "temperature": 36.8, "attention": 50.0, "relaxation": 81.0, "sync_rate": 33.0, "mental_effort": -25.0, "familarity": 12.0, "pitch": 19.0, "yaw": -49.0, "roll": -12.0, "delta": 99291, "theta": 40709, "low_alpha": 17307, "high_alpha": 10705, "alpha": 28012, "low_beta": 13704, "high_beta": 20247, "beta": 33951, "low_gamma": 5176, "mid_gamma": 2337, "gamma": 7513, "rank": 2, "value": 89.0, "hr": 89.0, "unit": "bpm", "interpolated_fields": "", "image_expected_filename": "2026-07-17_12-56-36.jpg", "spectrogram": "spectrogram/2026-07-17_12-56-36.jpg"}}, {"type": "Feature", "id": 6, "geometry": {"type": "Point", "coordinates": [113.999619, 22.597031]}, "properties": {"city": "venice", "timestamp": "2026-07-17 12:56:46", "image": "extracted_frames/2026-07-17_12-56-46.jpg", "audio": "", "event_mark": "", "heart_rate": 86.0, "rr": 730.0, "temperature": 36.8, "attention": 43.0, "relaxation": 67.0, "sync_rate": 28.0, "mental_effort": -26.0, "familarity": 22.0, "pitch": 17.0, "yaw": 1.0, "roll": -15.0, "delta": 744427, "theta": 71668, "low_alpha": 17527, "high_alpha": 11758, "alpha": 29285, "low_beta": 16465, "high_beta": 18494, "beta": 34959, "low_gamma": 34193, "mid_gamma": 7192, "gamma": 41385, "rank": 3, "value": 86.0, "hr": 86.0, "unit": "bpm", "interpolated_fields": "", "image_expected_filename": "2026-07-17_12-56-46.jpg", "spectrogram": "spectrogram/2026-07-17_12-56-46.jpg"}}, {"type": "Feature", "id": 8, "geometry": {"type": "Point", "coordinates": [113.999591, 22.596939]}, "properties": {"city": "venice", "timestamp": "2026-07-17 12:56:56", "image": "extracted_frames/2026-07-17_12-56-56.jpg", "audio": "", "event_mark": "", "heart_rate": 83.0, "rr": 703.0, "temperature": 36.8, "attention": 48.0, "relaxation": 51.0, "sync_rate": 46.0, "mental_effort": -24.0, "familarity": 7.0, "pitch": 19.0, "yaw": 39.0, "roll": -11.0, "delta": 2001280, "theta": 127839, "low_alpha": 40288, "high_alpha": 35617, "alpha": 75905, "low_beta": 12546, "high_beta": 31551, "beta": 44097, "low_gamma": 36683, "mid_gamma": 26543, "gamma": 63226, "rank": 4, "value": 83.0, "hr": 83.0, "unit": "bpm", "interpolated_fields": "", "image_expected_filename": "2026-07-17_12-56-56.jpg", "spectrogram": "spectrogram/2026-07-17_12-56-56.jpg"}}, {"type": "Feature", "id": 10, "geometry": {"type": "Point", "coordinates": [113.999562, 22.596848]}, "properties": {"city": "venice", "timestamp": "2026-07-17 12:57:06", "image": "extracted_frames/2026-07-17_12-57-06.jpg", "audio": "", "event_mark": "", "heart_rate": 84.0, "rr": 700.667, "temperature": 36.8, "attention": 47.0, "relaxation": 70.0, "sync_rate": 34.0, "mental_effort": -21.0, "familarity": 19.0, "pitch": 5.0, "yaw": 97.0, "roll": -9.0, "delta": 289513, "theta": 22879, "low_alpha": 6095, "high_alpha": 2347, "alpha": 8442, "low_beta": 2274, "high_beta": 11489, "beta": 13763, "low_gamma": 9554, "mid_gamma": 1164, "gamma": 10718, "rank": 5, "value": 84.0, "hr": 84.0, "unit": "bpm", "interpolated_fields": "", "image_expected_filename": "2026-07-17_12-57-06.jpg", "spectrogram": "spectrogram/2026-07-17_12-57-06.jpg"}}, {"type": "Feature", "id": 12, "geometry": {"type": "Point", "coordinates": [113.999533, 22.596757]}, "properties": {"city": "venice", "timestamp": "2026-07-17 12:57:16", "image": "extracted_frames/2026-07-17_12-57-16.jpg", "audio": "", "event_mark": "", "heart_rate": 85.0, "rr": 710.0, "temperature": 36.9, "attention": 61.0, "relaxation": 48.0, "sync_rate": 44.0, "mental_effort": -14.0, "familarity": -12.0, "pitch": 22.0, "yaw": 128.0, "roll": -6.0, "delta": 1394275, "theta": 147585, "low_alpha": 22677, "high_alpha": 66838, "alpha": 89515, "low_beta": 18433, "high_beta": 43530, "beta": 61963, "low_gamma": 59070, "mid_gamma": 21046, "gamma": 80116, "rank": 6, "value": 85.0, "hr": 85.0, "unit": "bpm", "interpolated_fields": "", "image_expected_filename": "2026-07-17_12-57-16.jpg", "spectrogram": "spectrogram/2026-07-17_12-57-16.jpg"}}, {"type": "Feature", "id": 14, "geometry": {"type": "Point", "coordinates": [113.999505, 22.596666]}, "properties": {"city": "venice", "timestamp": "2026-07-17 12:57:26", "image": "extracted_frames/2026-07-17_12-57-26.jpg", "audio": "", "event_mark": "", "heart_rate": 84.0, "rr": 689.333, "temperature": 36.9, "attention": 83.0, "relaxation": 51.0, "sync_rate": 23.0, "mental_effort": -7.0, "familarity": -12.0, "pitch": 9.0, "yaw": -170.0, "roll": -9.0, "delta": 450956, "theta": 60988, "low_alpha": 32134, "high_alpha": 9425, "alpha": 41559, "low_beta": 18830, "high_beta": 25414, "beta": 44244, "low_gamma": 24236, "mid_gamma": 23745, "gamma": 47981, "rank": 7, "value": 84.0, "hr": 84.0, "unit": "bpm", "interpolated_fields": "", "image_expected_filename": "2026-07-17_12-57-26.jpg", "spectrogram": "spectrogram/2026-07-17_12-57-26.jpg"}}, {"type": "Feature", "id": 16, "geometry": {"type": "Point", "coordinates": [113.999464, 22.596581]}, "properties": {"city": "venice", "timestamp": "2026-07-17 12:57:36", "image": "extracted_frames/2026-07-17_12-57-36.jpg", "audio": "", "event_mark": "", "heart_rate": 84.0, "rr": 668.333, "temperature": 36.9, "attention": 61.0, "relaxation": 50.0, "sync_rate": 34.0, "mental_effort": -1.0, "familarity": -9.0, "pitch": 17.0, "yaw": -111.0, "roll": -6.0, "delta": 1467372, "theta": 78075, "low_alpha": 27294, "high_alpha": 37009, "alpha": 64303, "low_beta": 53589, "high_beta": 46974, "beta": 100563, "low_gamma": 35224, "mid_gamma": 17945, "gamma": 53169, "rank": 8, "value": 84.0, "hr": 84.0, "unit": "bpm", "interpolated_fields": "", "image_expected_filename": "2026-07-17_12-57-36.jpg", "spectrogram": "spectrogram/2026-07-17_12-57-36.jpg"}}, {"type": "Feature", "id": 18, "geometry": {"type": "Point", "coordinates": [113.999392, 22.59651]}, "properties": {"city": "venice", "timestamp": "2026-07-17 12:57:46", "image": "extracted_frames/2026-07-17_12-57-46.jpg", "audio": "", "event_mark": "", "heart_rate": 90.0, "rr": 598.5, "temperature": 36.9, "attention": 64.0, "relaxation": 51.0, "sync_rate": 26.0, "mental_effort": -19.0, "familarity": 7.0, "pitch": 19.0, "yaw": -71.0, "roll": -13.0, "delta": 77023, "theta": 13368, "low_alpha": 14089, "high_alpha": 8207, "alpha": 22296, "low_beta": 7824, "high_beta": 9581, "beta": 17405, "low_gamma": 13505, "mid_gamma": 3517, "gamma": 17022, "rank": 9, "value": 90.0, "hr": 90.0, "unit": "bpm", "interpolated_fields": "", "image_expected_filename": "2026-07-17_12-57-46.jpg", "spectrogram": "spectrogram/2026-07-17_12-57-46.jpg"}}, {"type": "Feature", "id": 20, "geometry": {"type": "Point", "coordinates": [113.999321, 22.596439]}, "properties": {"city": "venice", "timestamp": "2026-07-17 12:57:56", "image": "extracted_frames/2026-07-17_12-57-56.jpg", "audio": "", "event_mark": "看向 A5 的智慧大食堂，可能是饿了。", "heart_rate": 96.0, "rr": 667.0, "temperature": 37.0, "attention": 48.0, "relaxation": 67.0, "sync_rate": 33.0, "mental_effort": -6.0, "familarity": 15.0, "pitch": 14.0, "yaw": -48.0, "roll": -5.0, "delta": 853073, "theta": 348921, "low_alpha": 48731, "high_alpha": 24906, "alpha": 73637, "low_beta": 57384, "high_beta": 60378, "beta": 117762, "low_gamma": 85276, "mid_gamma": 50921, "gamma": 136197, "rank": 10, "value": 96.0, "hr": 96.0, "unit": "bpm", "interpolated_fields": "", "image_expected_filename": "2026-07-17_12-57-56.jpg", "spectrogram": "spectrogram/2026-07-17_12-57-56.jpg"}}, {"type": "Feature", "id": 22, "geometry": {"type": "Point", "coordinates": [113.99925, 22.596368]}, "properties": {"city": "venice", "timestamp": "2026-07-17 12:58:06", "image": "extracted_frames/2026-07-17_12-58-06.jpg", "audio": "", "event_mark": "", "heart_rate": 94.0, "rr": 692.083, "temperature": 37.0, "attention": 50.0, "relaxation": 54.0, "sync_rate": 31.0, "mental_effort": -22.0, "familarity": -12.0, "pitch": 24.0, "yaw": -9.0, "roll": -13.0, "delta": 118285, "theta": 17459, "low_alpha": 6613, "high_alpha": 1968, "alpha": 8581, "low_beta": 6751, "high_beta": 7551, "beta": 14302, "low_gamma": 4605, "mid_gamma": 1234, "gamma": 5839, "rank": 11, "value": 94.0, "hr": 94.0, "unit": "bpm", "interpolated_fields": "rr", "image_expected_filename": "2026-07-17_12-58-06.jpg", "spectrogram": "spectrogram/2026-07-17_12-58-06.jpg"}}, {"type": "Feature", "id": 24, "geometry": {"type": "Point", "coordinates": [113.999187, 22.5963]}, "properties": {"city": "venice", "timestamp": "2026-07-17 12:58:16", "image": "extracted_frames/2026-07-17_12-58-16.jpg", "audio": "", "event_mark": "", "heart_rate": 85.0, "rr": 666.5, "temperature": 37.0, "attention": 48.0, "relaxation": 75.0, "sync_rate": 35.0, "mental_effort": -34.0, "familarity": -11.0, "pitch": 10.0, "yaw": 34.0, "roll": -18.0, "delta": 1091235, "theta": 45942, "low_alpha": 12224, "high_alpha": 10476, "alpha": 22700, "low_beta": 17726, "high_beta": 16808, "beta": 34534, "low_gamma": 13912, "mid_gamma": 6254, "gamma": 20166, "rank": 12, "value": 85.0, "hr": 85.0, "unit": "bpm", "interpolated_fields": "", "image_expected_filename": "2026-07-17_12-58-16.jpg", "spectrogram": "spectrogram/2026-07-17_12-58-16.jpg"}}, {"type": "Feature", "id": 26, "geometry": {"type": "Point", "coordinates": [113.999136, 22.596228]}, "properties": {"city": "venice", "timestamp": "2026-07-17 12:58:26", "image": "extracted_frames/2026-07-17_12-58-26.jpg", "audio": "", "event_mark": "", "heart_rate": 87.0, "rr": 686.5, "temperature": 37.0, "attention": 54.0, "relaxation": 64.0, "sync_rate": 68.0, "mental_effort": -21.0, "familarity": -2.0, "pitch": 20.0, "yaw": 66.0, "roll": -4.0, "delta": 360442, "theta": 354017, "low_alpha": 56881, "high_alpha": 13502, "alpha": 70383, "low_beta": 27122, "high_beta": 53796, "beta": 80918, "low_gamma": 58916, "mid_gamma": 8366, "gamma": 67282, "rank": 13, "value": 87.0, "hr": 87.0, "unit": "bpm", "interpolated_fields": "", "image_expected_filename": "2026-07-17_12-58-26.jpg", "spectrogram": "spectrogram/2026-07-17_12-58-26.jpg"}}, {"type": "Feature", "id": 28, "geometry": {"type": "Point", "coordinates": [113.99909, 22.596142]}, "properties": {"city": "venice", "timestamp": "2026-07-17 12:58:36", "image": "extracted_frames/2026-07-17_12-58-36.jpg", "audio": "", "event_mark": "", "heart_rate": 87.0, "rr": 679.5, "temperature": 37.0, "attention": 44.0, "relaxation": 51.0, "sync_rate": 61.0, "mental_effort": -34.0, "familarity": 14.0, "pitch": 20.0, "yaw": 108.0, "roll": -12.0, "delta": 141748, "theta": 79427, "low_alpha": 51560, "high_alpha": 5699, "alpha": 57259, "low_beta": 3707, "high_beta": 22288, "beta": 25995, "low_gamma": 13018, "mid_gamma": 8310, "gamma": 21328, "rank": 14, "value": 87.0, "hr": 87.0, "unit": "bpm", "interpolated_fields": "", "image_expected_filename": "2026-07-17_12-58-36.jpg", "spectrogram": "spectrogram/2026-07-17_12-58-36.jpg"}}, {"type": "Feature", "id": 30, "geometry": {"type": "Point", "coordinates": [113.999044, 22.596055]}, "properties": {"city": "venice", "timestamp": "2026-07-17 12:58:46", "image": "extracted_frames/2026-07-17_12-58-46.jpg", "audio": "", "event_mark": "", "heart_rate": 87.0, "rr": 702.0, "temperature": 37.0, "attention": 60.0, "relaxation": 47.0, "sync_rate": 43.0, "mental_effort": -30.0, "familarity": 1.0, "pitch": 8.0, "yaw": 128.0, "roll": -12.0, "delta": 36225, "theta": 34171, "low_alpha": 612, "high_alpha": 9459, "alpha": 10071, "low_beta": 7230, "high_beta": 23344, "beta": 30574, "low_gamma": 16458, "mid_gamma": 7898, "gamma": 24356, "rank": 15, "value": 87.0, "hr": 87.0, "unit": "bpm", "interpolated_fields": "", "image_expected_filename": "2026-07-17_12-58-46.jpg", "spectrogram": "spectrogram/2026-07-17_12-58-46.jpg"}}, {"type": "Feature", "id": 32, "geometry": {"type": "Point", "coordinates": [113.998992, 22.595973]}, "properties": {"city": "venice", "timestamp": "2026-07-17 12:58:56", "image": "extracted_frames/2026-07-17_12-58-56.jpg", "audio": "", "event_mark": "", "heart_rate": 86.0, "rr": 686.0, "temperature": 37.0, "attention": 61.0, "relaxation": 51.0, "sync_rate": 42.0, "mental_effort": -12.0, "familarity": 8.0, "pitch": -17.0, "yaw": -134.0, "roll": -11.0, "delta": 519035, "theta": 215589, "low_alpha": 17900, "high_alpha": 26738, "alpha": 44638, "low_beta": 25659, "high_beta": 67664, "beta": 93323, "low_gamma": 22319, "mid_gamma": 7188, "gamma": 29507, "rank": 16, "value": 86.0, "hr": 86.0, "unit": "bpm", "interpolated_fields": "", "image_expected_filename": "2026-07-17_12-58-56.jpg", "spectrogram": "spectrogram/2026-07-17_12-58-56.jpg"}}, {"type": "Feature", "id": 34, "geometry": {"type": "Point", "coordinates": [113.998925, 22.595899]}, "properties": {"city": "venice", "timestamp": "2026-07-17 12:59:06", "image": "extracted_frames/2026-07-17_12-59-06.jpg", "audio": "", "event_mark": "", "heart_rate": 86.0, "rr": 685.0, "temperature": 37.0, "attention": 48.0, "relaxation": 38.0, "sync_rate": 35.0, "mental_effort": -35.0, "familarity": 10.0, "pitch": -2.0, "yaw": -118.0, "roll": 0.0, "delta": 549270, "theta": 469853, "low_alpha": 30016, "high_alpha": 38333, "alpha": 68349, "low_beta": 50326, "high_beta": 33895, "beta": 84221, "low_gamma": 40798, "mid_gamma": 15062, "gamma": 55860, "rank": 17, "value": 86.0, "hr": 86.0, "unit": "bpm", "interpolated_fields": "", "image_expected_filename": "2026-07-17_12-59-06.jpg", "spectrogram": "spectrogram/2026-07-17_12-59-06.jpg"}}, {"type": "Feature", "id": 36, "geometry": {"type": "Point", "coordinates": [113.998862, 22.595829]}, "properties": {"city": "venice", "timestamp": "2026-07-17 12:59:16", "image": "extracted_frames/2026-07-17_12-59-16.jpg", "audio": "", "event_mark": "", "heart_rate": 86.0, "rr": 657.0, "temperature": 37.1, "attention": 53.0, "relaxation": 30.0, "sync_rate": 63.0, "mental_effort": -34.0, "familarity": -27.0, "pitch": 19.0, "yaw": -59.0, "roll": -16.0, "delta": 518292, "theta": 822293, "low_alpha": 45789, "high_alpha": 48837, "alpha": 94626, "low_beta": 30697, "high_beta": 56453, "beta": 87150, "low_gamma": 57017, "mid_gamma": 9994, "gamma": 67011, "rank": 18, "value": 86.0, "hr": 86.0, "unit": "bpm", "interpolated_fields": "rr", "image_expected_filename": "2026-07-17_12-59-16.jpg", "spectrogram": "spectrogram/2026-07-17_12-59-16.jpg"}}, {"type": "Feature", "id": 38, "geometry": {"type": "Point", "coordinates": [113.998804, 22.595767]}, "properties": {"city": "venice", "timestamp": "2026-07-17 12:59:26", "image": "extracted_frames/2026-07-17_12-59-26.jpg", "audio": "", "event_mark": "", "heart_rate": 88.0, "rr": 660.0, "temperature": 37.1, "attention": 44.0, "relaxation": 93.0, "sync_rate": 49.0, "mental_effort": -5.0, "familarity": -14.0, "pitch": 12.0, "yaw": -14.0, "roll": -19.0, "delta": 2044581, "theta": 144242, "low_alpha": 48799, "high_alpha": 29407, "alpha": 78206, "low_beta": 16777, "high_beta": 73684, "beta": 90461, "low_gamma": 46458, "mid_gamma": 19775, "gamma": 66233, "rank": 19, "value": 88.0, "hr": 88.0, "unit": "bpm", "interpolated_fields": "", "image_expected_filename": "2026-07-17_12-59-26.jpg", "spectrogram": "spectrogram/2026-07-17_12-59-26.jpg"}}, {"type": "Feature", "id": 40, "geometry": {"type": "Point", "coordinates": [113.998746, 22.595705]}, "properties": {"city": "venice", "timestamp": "2026-07-17 12:59:36", "image": "extracted_frames/2026-07-17_12-59-36.jpg", "audio": "", "event_mark": "", "heart_rate": 90.0, "rr": 637.5, "temperature": 37.1, "attention": 37.0, "relaxation": 64.0, "sync_rate": 59.0, "mental_effort": -33.0, "familarity": -1.0, "pitch": 6.0, "yaw": 3.0, "roll": -7.0, "delta": 1094603, "theta": 192412, "low_alpha": 314072, "high_alpha": 44387, "alpha": 358459, "low_beta": 32655, "high_beta": 40143, "beta": 72798, "low_gamma": 29209, "mid_gamma": 21895, "gamma": 51104, "rank": 20, "value": 90.0, "hr": 90.0, "unit": "bpm", "interpolated_fields": "", "image_expected_filename": "2026-07-17_12-59-36.jpg", "spectrogram": "spectrogram/2026-07-17_12-59-36.jpg"}}, {"type": "Feature", "id": 42, "geometry": {"type": "Point", "coordinates": [113.998688, 22.595643]}, "properties": {"city": "venice", "timestamp": "2026-07-17 12:59:46", "image": "extracted_frames/2026-07-17_12-59-46.jpg", "audio": "", "event_mark": "", "heart_rate": 90.0, "rr": 658.0, "temperature": 37.1, "attention": 61.0, "relaxation": 74.0, "sync_rate": 44.0, "mental_effort": -36.0, "familarity": -25.0, "pitch": 20.0, "yaw": 61.0, "roll": -12.0, "delta": 141302, "theta": 1025, "low_alpha": 3124, "high_alpha": 2156, "alpha": 5280, "low_beta": 1580, "high_beta": 4918, "beta": 6498, "low_gamma": 2134, "mid_gamma": 1796, "gamma": 3930, "rank": 21, "value": 90.0, "hr": 90.0, "unit": "bpm", "interpolated_fields": "", "image_expected_filename": "2026-07-17_12-59-46.jpg", "spectrogram": "spectrogram/2026-07-17_12-59-46.jpg"}}, {"type": "Feature", "id": 44, "geometry": {"type": "Point", "coordinates": [113.998627, 22.595581]}, "properties": {"city": "venice", "timestamp": "2026-07-17 12:59:56", "image": "extracted_frames/2026-07-17_12-59-56.jpg", "audio": "", "event_mark": "", "heart_rate": 88.0, "rr": 664.0, "temperature": 37.1, "attention": 51.0, "relaxation": 51.0, "sync_rate": 27.0, "mental_effort": -11.0, "familarity": 15.0, "pitch": 18.0, "yaw": 97.0, "roll": -20.0, "delta": 154888, "theta": 48517, "low_alpha": 5748, "high_alpha": 4404, "alpha": 10152, "low_beta": 7160, "high_beta": 6399, "beta": 13559, "low_gamma": 7076, "mid_gamma": 1763, "gamma": 8839, "rank": 22, "value": 88.0, "hr": 88.0, "unit": "bpm", "interpolated_fields": "", "image_expected_filename": "2026-07-17_12-59-56.jpg", "spectrogram": "spectrogram/2026-07-17_12-59-56.jpg"}}, {"type": "Feature", "id": 46, "geometry": {"type": "Point", "coordinates": [113.998568, 22.595487]}, "properties": {"city": "venice", "timestamp": "2026-07-17 13:00:06", "image": "extracted_frames/2026-07-17_13-00-06.jpg", "audio": "", "event_mark": "", "heart_rate": 87.0, "rr": 693.0, "temperature": 37.1, "attention": 35.0, "relaxation": 47.0, "sync_rate": 37.0, "mental_effort": -31.0, "familarity": -14.0, "pitch": 25.0, "yaw": 102.0, "roll": -8.0, "delta": 951341, "theta": 764902, "low_alpha": 66315, "high_alpha": 40484, "alpha": 106799, "low_beta": 24340, "high_beta": 37779, "beta": 62119, "low_gamma": 55425, "mid_gamma": 16607, "gamma": 72032, "rank": 23, "value": 87.0, "hr": 87.0, "unit": "bpm", "interpolated_fields": "", "image_expected_filename": "2026-07-17_13-00-06.jpg", "spectrogram": "spectrogram/2026-07-17_13-00-06.jpg"}}, {"type": "Feature", "id": 48, "geometry": {"type": "Point", "coordinates": [113.998474, 22.595439]}, "properties": {"city": "venice", "timestamp": "2026-07-17 13:00:16", "image": "extracted_frames/2026-07-17_13-00-16.jpg", "audio": "", "event_mark": "", "heart_rate": 87.0, "rr": 724.0, "temperature": 37.1, "attention": 80.0, "relaxation": 54.0, "sync_rate": 71.0, "mental_effort": -18.0, "familarity": -11.0, "pitch": 10.0, "yaw": -165.0, "roll": -1.0, "delta": 15703, "theta": 19258, "low_alpha": 7723, "high_alpha": 4710, "alpha": 12433, "low_beta": 18200, "high_beta": 14546, "beta": 32746, "low_gamma": 17469, "mid_gamma": 10411, "gamma": 27880, "rank": 24, "value": 87.0, "hr": 87.0, "unit": "bpm", "interpolated_fields": "", "image_expected_filename": "2026-07-17_13-00-16.jpg", "spectrogram": "spectrogram/2026-07-17_13-00-16.jpg"}}, {"type": "Feature", "id": 50, "geometry": {"type": "Point", "coordinates": [113.998381, 22.595392]}, "properties": {"city": "venice", "timestamp": "2026-07-17 13:00:26", "image": "extracted_frames/2026-07-17_13-00-26.jpg", "audio": "", "event_mark": "", "heart_rate": 88.0, "rr": 695.167, "temperature": 37.1, "attention": 27.0, "relaxation": 37.0, "sync_rate": 60.0, "mental_effort": -11.0, "familarity": 22.0, "pitch": 17.0, "yaw": -141.0, "roll": -16.0, "delta": 582190, "theta": 32829, "low_alpha": 1207, "high_alpha": 3128, "alpha": 4335, "low_beta": 2640, "high_beta": 5269, "beta": 7909, "low_gamma": 4172, "mid_gamma": 3179, "gamma": 7351, "rank": 25, "value": 88.0, "hr": 88.0, "unit": "bpm", "interpolated_fields": "rr", "image_expected_filename": "2026-07-17_13-00-26.jpg", "spectrogram": "spectrogram/2026-07-17_13-00-26.jpg"}}, {"type": "Feature", "id": 52, "geometry": {"type": "Point", "coordinates": [113.998288, 22.595344]}, "properties": {"city": "venice", "timestamp": "2026-07-17 13:00:36", "image": "extracted_frames/2026-07-17_13-00-36.jpg", "audio": "", "event_mark": "", "heart_rate": 87.0, "rr": 698.0, "temperature": 37.1, "attention": 66.0, "relaxation": 84.0, "sync_rate": 83.0, "mental_effort": -31.0, "familarity": 10.0, "pitch": 12.0, "yaw": -102.0, "roll": -18.0, "delta": 909330, "theta": 72030, "low_alpha": 64328, "high_alpha": 22149, "alpha": 86477, "low_beta": 6908, "high_beta": 46181, "beta": 53089, "low_gamma": 29723, "mid_gamma": 10668, "gamma": 40391, "rank": 26, "value": 87.0, "hr": 87.0, "unit": "bpm", "interpolated_fields": "", "image_expected_filename": "2026-07-17_13-00-36.jpg", "spectrogram": "spectrogram/2026-07-17_13-00-36.jpg"}}, {"type": "Feature", "id": 54, "geometry": {"type": "Point", "coordinates": [113.998194, 22.595296]}, "properties": {"city": "venice", "timestamp": "2026-07-17 13:00:46", "image": "extracted_frames/2026-07-17_13-00-46.jpg", "audio": "", "event_mark": "", "heart_rate": 86.0, "rr": 697.0, "temperature": 37.1, "attention": 40.0, "relaxation": 43.0, "sync_rate": 58.0, "mental_effort": -3.0, "familarity": 13.0, "pitch": 1.0, "yaw": -66.0, "roll": -5.0, "delta": 144920, "theta": 60477, "low_alpha": 13114, "high_alpha": 20606, "alpha": 33720, "low_beta": 4157, "high_beta": 8861, "beta": 13018, "low_gamma": 13116, "mid_gamma": 2588, "gamma": 15704, "rank": 27, "value": 86.0, "hr": 86.0, "unit": "bpm", "interpolated_fields": "", "image_expected_filename": "2026-07-17_13-00-46.jpg", "spectrogram": "spectrogram/2026-07-17_13-00-46.jpg"}}, {"type": "Feature", "id": 56, "geometry": {"type": "Point", "coordinates": [113.998107, 22.595242]}, "properties": {"city": "venice", "timestamp": "2026-07-17 13:00:56", "image": "extracted_frames/2026-07-17_13-00-56.jpg", "audio": "", "event_mark": "", "heart_rate": 85.0, "rr": 688.0, "temperature": 37.1, "attention": 69.0, "relaxation": 63.0, "sync_rate": 78.0, "mental_effort": -12.0, "familarity": -4.0, "pitch": 4.0, "yaw": -23.0, "roll": -4.0, "delta": 642607, "theta": 110074, "low_alpha": 32141, "high_alpha": 44826, "alpha": 76967, "low_beta": 13611, "high_beta": 10629, "beta": 24240, "low_gamma": 18933, "mid_gamma": 9540, "gamma": 28473, "rank": 28, "value": 85.0, "hr": 85.0, "unit": "bpm", "interpolated_fields": "", "image_expected_filename": "2026-07-17_13-00-56.jpg", "spectrogram": "spectrogram/2026-07-17_13-00-56.jpg"}}, {"type": "Feature", "id": 58, "geometry": {"type": "Point", "coordinates": [113.998023, 22.595183]}, "properties": {"city": "venice", "timestamp": "2026-07-17 13:01:06", "image": "extracted_frames/2026-07-17_13-01-06.jpg", "audio": "", "event_mark": "", "heart_rate": 85.0, "rr": 699.5, "temperature": 37.1, "attention": 44.0, "relaxation": 83.0, "sync_rate": 24.0, "mental_effort": -25.0, "familarity": -9.0, "pitch": 18.0, "yaw": 21.0, "roll": -13.0, "delta": 1241401, "theta": 151545, "low_alpha": 59724, "high_alpha": 49100, "alpha": 108824, "low_beta": 11612, "high_beta": 23997, "beta": 35609, "low_gamma": 29820, "mid_gamma": 6477, "gamma": 36297, "rank": 29, "value": 85.0, "hr": 85.0, "unit": "bpm", "interpolated_fields": "rr", "image_expected_filename": "2026-07-17_13-01-06.jpg", "spectrogram": "spectrogram/2026-07-17_13-01-06.jpg"}}, {"type": "Feature", "id": 60, "geometry": {"type": "Point", "coordinates": [113.997939, 22.595124]}, "properties": {"city": "venice", "timestamp": "2026-07-17 13:01:16", "image": "extracted_frames/2026-07-17_13-01-16.jpg", "audio": "", "event_mark": "", "heart_rate": 86.0, "rr": 685.667, "temperature": 37.1, "attention": 60.0, "relaxation": 84.0, "sync_rate": 45.0, "mental_effort": -39.0, "familarity": 7.0, "pitch": 1.0, "yaw": 44.0, "roll": -11.0, "delta": 27909, "theta": 45074, "low_alpha": 16469, "high_alpha": 33037, "alpha": 49506, "low_beta": 9031, "high_beta": 11515, "beta": 20546, "low_gamma": 5719, "mid_gamma": 1496, "gamma": 7215, "rank": 30, "value": 86.0, "hr": 86.0, "unit": "bpm", "interpolated_fields": "", "image_expected_filename": "2026-07-17_13-01-16.jpg", "spectrogram": "spectrogram/2026-07-17_13-01-16.jpg"}}, {"type": "Feature", "id": 62, "geometry": {"type": "Point", "coordinates": [113.997842, 22.595084]}, "properties": {"city": "venice", "timestamp": "2026-07-17 13:01:26", "image": "extracted_frames/2026-07-17_13-01-26.jpg", "audio": "", "event_mark": "", "heart_rate": 88.0, "rr": 701.0, "temperature": 37.1, "attention": 51.0, "relaxation": 74.0, "sync_rate": 60.0, "mental_effort": -20.0, "familarity": 2.0, "pitch": 1.0, "yaw": 93.0, "roll": -4.0, "delta": 1172246, "theta": 728048, "low_alpha": 551028, "high_alpha": 118700, "alpha": 669728, "low_beta": 48874, "high_beta": 164942, "beta": 213816, "low_gamma": 92824, "mid_gamma": 62132, "gamma": 154956, "rank": 31, "value": 88.0, "hr": 88.0, "unit": "bpm", "interpolated_fields": "", "image_expected_filename": "2026-07-17_13-01-26.jpg", "spectrogram": "spectrogram/2026-07-17_13-01-26.jpg"}}, {"type": "Feature", "id": 64, "geometry": {"type": "Point", "coordinates": [113.997736, 22.595058]}, "properties": {"city": "venice", "timestamp": "2026-07-17 13:01:36", "image": "extracted_frames/2026-07-17_13-01-36.jpg", "audio": "", "event_mark": "", "heart_rate": 87.0, "rr": 666.333, "temperature": 37.1, "attention": 47.0, "relaxation": 51.0, "sync_rate": 31.0, "mental_effort": -29.0, "familarity": -10.0, "pitch": 21.0, "yaw": 143.0, "roll": -10.0, "delta": 2633133, "theta": 361577, "low_alpha": 149488, "high_alpha": 243390, "alpha": 392878, "low_beta": 84265, "high_beta": 81329, "beta": 165594, "low_gamma": 100308, "mid_gamma": 24093, "gamma": 124401, "rank": 32, "value": 87.0, "hr": 87.0, "unit": "bpm", "interpolated_fields": "", "image_expected_filename": "2026-07-17_13-01-36.jpg", "spectrogram": "spectrogram/2026-07-17_13-01-36.jpg"}}, {"type": "Feature", "id": 66, "geometry": {"type": "Point", "coordinates": [113.997654, 22.595034]}, "properties": {"city": "venice", "timestamp": "2026-07-17 13:01:46", "image": "extracted_frames/2026-07-17_13-01-46.jpg", "audio": "", "event_mark": "", "heart_rate": 87.0, "rr": 661.0, "temperature": 37.2, "attention": 60.0, "relaxation": 54.0, "sync_rate": 50.0, "mental_effort": -18.0, "familarity": 10.0, "pitch": 24.0, "yaw": 148.0, "roll": -15.0, "delta": 75065, "theta": 35413, "low_alpha": 16336, "high_alpha": 1689, "alpha": 18025, "low_beta": 20414, "high_beta": 21612, "beta": 42026, "low_gamma": 13683, "mid_gamma": 9939, "gamma": 23622, "rank": 33, "value": 87.0, "hr": 87.0, "unit": "bpm", "interpolated_fields": "", "image_expected_filename": "2026-07-17_13-01-46.jpg", "spectrogram": "spectrogram/2026-07-17_13-01-46.jpg"}}, {"type": "Feature", "id": 68, "geometry": {"type": "Point", "coordinates": [113.997582, 22.595011]}, "properties": {"city": "venice", "timestamp": "2026-07-17 13:01:56", "image": "extracted_frames/2026-07-17_13-01-56.jpg", "audio": "", "event_mark": "", "heart_rate": 87.0, "rr": 661.611, "temperature": 37.1, "attention": 77.0, "relaxation": 64.0, "sync_rate": 65.0, "mental_effort": 16.0, "familarity": 0.0, "pitch": -2.0, "yaw": -163.0, "roll": -9.0, "delta": 457628, "theta": 87208, "low_alpha": 45057, "high_alpha": 14070, "alpha": 59127, "low_beta": 21307, "high_beta": 38005, "beta": 59312, "low_gamma": 16551, "mid_gamma": 5374, "gamma": 21925, "rank": 34, "value": 87.0, "hr": 87.0, "unit": "bpm", "interpolated_fields": "rr", "image_expected_filename": "2026-07-17_13-01-56.jpg", "spectrogram": "spectrogram/2026-07-17_13-01-56.jpg"}}, {"type": "Feature", "id": 70, "geometry": {"type": "Point", "coordinates": [113.99751, 22.594987]}, "properties": {"city": "venice", "timestamp": "2026-07-17 13:02:06", "image": "extracted_frames/2026-07-17_13-02-06.jpg", "audio": "", "event_mark": "", "heart_rate": 87.0, "rr": 666.0, "temperature": 37.2, "attention": 24.0, "relaxation": 57.0, "sync_rate": 31.0, "mental_effort": -12.0, "familarity": 6.0, "pitch": -13.0, "yaw": -78.0, "roll": -9.0, "delta": 571378, "theta": 55863, "low_alpha": 11363, "high_alpha": 40143, "alpha": 51506, "low_beta": 4943, "high_beta": 11041, "beta": 15984, "low_gamma": 5467, "mid_gamma": 2217, "gamma": 7684, "rank": 35, "value": 87.0, "hr": 87.0, "unit": "bpm", "interpolated_fields": "", "image_expected_filename": "2026-07-17_13-02-06.jpg", "spectrogram": "spectrogram/2026-07-17_13-02-06.jpg"}}, {"type": "Feature", "id": 72, "geometry": {"type": "Point", "coordinates": [113.997425, 22.594894]}, "properties": {"city": "venice", "timestamp": "2026-07-17 13:02:16", "image": "extracted_frames/2026-07-17_13-02-16.jpg", "audio": "", "event_mark": "", "heart_rate": 87.0, "rr": 710.0, "temperature": 37.2, "attention": 47.0, "relaxation": 41.0, "sync_rate": 49.0, "mental_effort": -21.0, "familarity": -2.0, "pitch": 4.0, "yaw": -93.0, "roll": 1.0, "delta": 262741, "theta": 152404, "low_alpha": 1848, "high_alpha": 26181, "alpha": 28029, "low_beta": 12324, "high_beta": 21508, "beta": 33832, "low_gamma": 8106, "mid_gamma": 21895, "gamma": 30001, "rank": 36, "value": 87.0, "hr": 87.0, "unit": "bpm", "interpolated_fields": "rr", "image_expected_filename": "2026-07-17_13-02-16.jpg", "spectrogram": "spectrogram/2026-07-17_13-02-16.jpg"}}, {"type": "Feature", "id": 74, "geometry": {"type": "Point", "coordinates": [113.997337, 22.594808]}, "properties": {"city": "venice", "timestamp": "2026-07-17 13:02:26", "image": "extracted_frames/2026-07-17_13-02-26.jpg", "audio": "", "event_mark": "", "heart_rate": 86.0, "rr": 714.0, "temperature": 37.1, "attention": 44.0, "relaxation": 53.0, "sync_rate": 70.0, "mental_effort": -19.0, "familarity": 9.0, "pitch": -10.0, "yaw": -20.0, "roll": -4.0, "delta": 898877, "theta": 75253, "low_alpha": 37157, "high_alpha": 19053, "alpha": 56210, "low_beta": 18900, "high_beta": 14390, "beta": 33290, "low_gamma": 9284, "mid_gamma": 5261, "gamma": 14545, "rank": 37, "value": 86.0, "hr": 86.0, "unit": "bpm", "interpolated_fields": "", "image_expected_filename": "2026-07-17_13-02-26.jpg", "spectrogram": "spectrogram/2026-07-17_13-02-26.jpg"}}, {"type": "Feature", "id": 76, "geometry": {"type": "Point", "coordinates": [113.997233, 22.594779]}, "properties": {"city": "venice", "timestamp": "2026-07-17 13:02:36", "image": "extracted_frames/2026-07-17_13-02-36.jpg", "audio": "", "event_mark": "后方要电瓶车要超车，避让回头看。", "heart_rate": 85.0, "rr": 691.5, "temperature": 37.2, "attention": 24.0, "relaxation": 53.0, "sync_rate": 51.0, "mental_effort": -9.0, "familarity": 15.0, "pitch": 23.0, "yaw": 3.0, "roll": -1.0, "delta": 907880, "theta": 105171, "low_alpha": 20130, "high_alpha": 30445, "alpha": 50575, "low_beta": 13072, "high_beta": 13557, "beta": 26629, "low_gamma": 18527, "mid_gamma": 12920, "gamma": 31447, "rank": 38, "value": 85.0, "hr": 85.0, "unit": "bpm", "interpolated_fields": "", "image_expected_filename": "2026-07-17_13-02-36.jpg", "spectrogram": "spectrogram/2026-07-17_13-02-36.jpg"}}, {"type": "Feature", "id": 78, "geometry": {"type": "Point", "coordinates": [113.997117, 22.594783]}, "properties": {"city": "venice", "timestamp": "2026-07-17 13:02:46", "image": "extracted_frames/2026-07-17_13-02-46.jpg", "audio": "", "event_mark": "", "heart_rate": 85.0, "rr": 660.75, "temperature": 37.2, "attention": 48.0, "relaxation": 21.0, "sync_rate": 38.0, "mental_effort": -23.0, "familarity": 5.0, "pitch": 28.0, "yaw": 62.0, "roll": -8.0, "delta": 623408, "theta": 49363, "low_alpha": 4061, "high_alpha": 4353, "alpha": 8414, "low_beta": 5063, "high_beta": 6279, "beta": 11342, "low_gamma": 13874, "mid_gamma": 2675, "gamma": 16549, "rank": 39, "value": 85.0, "hr": 85.0, "unit": "bpm", "interpolated_fields": "rr", "image_expected_filename": "2026-07-17_13-02-46.jpg", "spectrogram": "spectrogram/2026-07-17_13-02-46.jpg"}}, {"type": "Feature", "id": 80, "geometry": {"type": "Point", "coordinates": [113.997001, 22.594788]}, "properties": {"city": "venice", "timestamp": "2026-07-17 13:02:56", "image": "extracted_frames/2026-07-17_13-02-56.jpg", "audio": "", "event_mark": "", "heart_rate": 87.0, "rr": 667.5, "temperature": 37.2, "attention": 67.0, "relaxation": 29.0, "sync_rate": 76.0, "mental_effort": -16.0, "familarity": 3.0, "pitch": 6.0, "yaw": 80.0, "roll": -3.0, "delta": 1430518, "theta": 40785, "low_alpha": 2911, "high_alpha": 15616, "alpha": 18527, "low_beta": 9184, "high_beta": 20556, "beta": 29740, "low_gamma": 7991, "mid_gamma": 3632, "gamma": 11623, "rank": 40, "value": 87.0, "hr": 87.0, "unit": "bpm", "interpolated_fields": "rr", "image_expected_filename": "2026-07-17_13-02-56.jpg", "spectrogram": "spectrogram/2026-07-17_13-02-56.jpg"}}, {"type": "Feature", "id": 82, "geometry": {"type": "Point", "coordinates": [113.99692, 22.594765]}, "properties": {"city": "venice", "timestamp": "2026-07-17 13:03:06", "image": "extracted_frames/2026-07-17_13-03-06.jpg", "audio": "", "event_mark": "", "heart_rate": 86.0, "rr": 666.333, "temperature": 37.2, "attention": 53.0, "relaxation": 61.0, "sync_rate": 45.0, "mental_effort": -32.0, "familarity": -8.0, "pitch": 2.0, "yaw": 115.0, "roll": -8.0, "delta": 419899, "theta": 45054, "low_alpha": 11543, "high_alpha": 10908, "alpha": 22451, "low_beta": 10581, "high_beta": 17849, "beta": 28430, "low_gamma": 28794, "mid_gamma": 7071, "gamma": 35865, "rank": 41, "value": 86.0, "hr": 86.0, "unit": "bpm", "interpolated_fields": "rr", "image_expected_filename": "2026-07-17_13-03-06.jpg", "spectrogram": "spectrogram/2026-07-17_13-03-06.jpg"}}, {"type": "Feature", "id": 84, "geometry": {"type": "Point", "coordinates": [113.996843, 22.594739]}, "properties": {"city": "venice", "timestamp": "2026-07-17 13:03:16", "image": "extracted_frames/2026-07-17_13-03-16.jpg", "audio": "", "event_mark": "进入幼儿园门口的那个棚子下面收伞。", "heart_rate": 90.0, "rr": 669.0, "temperature": 37.2, "attention": 47.0, "relaxation": 47.0, "sync_rate": 53.0, "mental_effort": -31.0, "familarity": 18.0, "pitch": 9.0, "yaw": -175.0, "roll": -14.0, "delta": 1262562, "theta": 208938, "low_alpha": 106260, "high_alpha": 22385, "alpha": 128645, "low_beta": 44964, "high_beta": 57891, "beta": 102855, "low_gamma": 78910, "mid_gamma": 24677, "gamma": 103587, "rank": 42, "value": 90.0, "hr": 90.0, "unit": "bpm", "interpolated_fields": "", "image_expected_filename": "2026-07-17_13-03-16.jpg", "spectrogram": "spectrogram/2026-07-17_13-03-16.jpg"}}, {"type": "Feature", "id": 86, "geometry": {"type": "Point", "coordinates": [113.996764, 22.594713]}, "properties": {"city": "venice", "timestamp": "2026-07-17 13:03:26", "image": "extracted_frames/2026-07-17_13-03-26.jpg", "audio": "", "event_mark": "", "heart_rate": 90.0, "rr": 656.0, "temperature": 37.2, "attention": 61.0, "relaxation": 37.0, "sync_rate": 49.0, "mental_effort": -18.0, "familarity": -2.0, "pitch": 2.0, "yaw": -152.0, "roll": -17.0, "delta": 976884, "theta": 1095938, "low_alpha": 90716, "high_alpha": 126767, "alpha": 217483, "low_beta": 128300, "high_beta": 109249, "beta": 237549, "low_gamma": 194601, "mid_gamma": 48232, "gamma": 242833, "rank": 43, "value": 90.0, "hr": 90.0, "unit": "bpm", "interpolated_fields": "", "image_expected_filename": "2026-07-17_13-03-26.jpg", "spectrogram": "spectrogram/2026-07-17_13-03-26.jpg"}}, {"type": "Feature", "id": 88, "geometry": {"type": "Point", "coordinates": [113.996676, 22.594687]}, "properties": {"city": "venice", "timestamp": "2026-07-17 13:03:36", "image": "extracted_frames/2026-07-17_13-03-36.jpg", "audio": "", "event_mark": "", "heart_rate": 91.5, "rr": 633.25, "temperature": 37.2, "attention": 48.5, "relaxation": 30.5, "sync_rate": 28.5, "mental_effort": -20.0, "familarity": 14.5, "pitch": 12.0, "yaw": -115.0, "roll": -11.0, "delta": 857468, "theta": 115142, "low_alpha": 13418, "high_alpha": 13016, "alpha": 26434, "low_beta": 7677, "high_beta": 15287, "beta": 22964, "low_gamma": 19578, "mid_gamma": 15606, "gamma": 35184, "rank": 44, "value": 91.5, "hr": 91.5, "unit": "bpm", "interpolated_fields": "rr, attention, relaxation, delta, theta, low_alpha, high_alpha, low_beta, high_beta, low_gamma, mid_gamma, pitch, yaw, roll, sync_rate, mental_effort, familarity, temperature, heart_rate", "image_expected_filename": "2026-07-17_13-03-36.jpg", "spectrogram": "spectrogram/2026-07-17_13-03-36.jpg"}}, {"type": "Feature", "id": 90, "geometry": {"type": "Point", "coordinates": [113.99657, 22.594665]}, "properties": {"city": "venice", "timestamp": "2026-07-17 13:03:46", "image": "extracted_frames/2026-07-17_13-03-46.jpg", "audio": "", "event_mark": "", "heart_rate": 92.0, "rr": 642.0, "temperature": 37.2, "attention": 67.0, "relaxation": 40.0, "sync_rate": 82.0, "mental_effort": -18.0, "familarity": 4.0, "pitch": 25.0, "yaw": -85.0, "roll": -16.0, "delta": 969927, "theta": 210890, "low_alpha": 13935, "high_alpha": 62143, "alpha": 76078, "low_beta": 32017, "high_beta": 88175, "beta": 120192, "low_gamma": 77710, "mid_gamma": 26212, "gamma": 103922, "rank": 45, "value": 92.0, "hr": 92.0, "unit": "bpm", "interpolated_fields": "", "image_expected_filename": "2026-07-17_13-03-46.jpg", "spectrogram": "spectrogram/2026-07-17_13-03-46.jpg"}}, {"type": "Feature", "id": 92, "geometry": {"type": "Point", "coordinates": [113.996467, 22.594635]}, "properties": {"city": "venice", "timestamp": "2026-07-17 13:03:56", "image": "extracted_frames/2026-07-17_13-03-56.jpg", "audio": "", "event_mark": "", "heart_rate": 92.0, "rr": 642.0, "temperature": 37.1, "attention": 41.0, "relaxation": 27.0, "sync_rate": 67.0, "mental_effort": -28.0, "familarity": 4.0, "pitch": 21.0, "yaw": -56.0, "roll": -2.0, "delta": 646955, "theta": 176677, "low_alpha": 11608, "high_alpha": 19366, "alpha": 30974, "low_beta": 10966, "high_beta": 27147, "beta": 38113, "low_gamma": 8564, "mid_gamma": 10170, "gamma": 18734, "rank": 46, "value": 92.0, "hr": 92.0, "unit": "bpm", "interpolated_fields": "", "image_expected_filename": "2026-07-17_13-03-56.jpg", "spectrogram": "spectrogram/2026-07-17_13-03-56.jpg"}}, {"type": "Feature", "id": 94, "geometry": {"type": "Point", "coordinates": [113.996372, 22.594587]}, "properties": {"city": "venice", "timestamp": "2026-07-17 13:04:06", "image": "extracted_frames/2026-07-17_13-04-06.jpg", "audio": "", "event_mark": "", "heart_rate": 92.0, "rr": 651.5, "temperature": 37.2, "attention": 29.0, "relaxation": 54.0, "sync_rate": 71.0, "mental_effort": -21.0, "familarity": -2.0, "pitch": 38.0, "yaw": -13.0, "roll": -9.0, "delta": 653833, "theta": 71553, "low_alpha": 24688, "high_alpha": 6902, "alpha": 31590, "low_beta": 10347, "high_beta": 15440, "beta": 25787, "low_gamma": 14185, "mid_gamma": 2547, "gamma": 16732, "rank": 47, "value": 92.0, "hr": 92.0, "unit": "bpm", "interpolated_fields": "", "image_expected_filename": "2026-07-17_13-04-06.jpg", "spectrogram": "spectrogram/2026-07-17_13-04-06.jpg"}}, {"type": "Feature", "id": 96, "geometry": {"type": "Point", "coordinates": [113.996274, 22.594546]}, "properties": {"city": "venice", "timestamp": "2026-07-17 13:04:16", "image": "extracted_frames/2026-07-17_13-04-16.jpg", "audio": "", "event_mark": "开伞", "heart_rate": 91.0, "rr": 662.0, "temperature": 37.2, "attention": 41.0, "relaxation": 21.0, "sync_rate": 54.0, "mental_effort": -24.0, "familarity": 8.0, "pitch": 18.0, "yaw": 28.0, "roll": -12.0, "delta": 666297, "theta": 254265, "low_alpha": 101715, "high_alpha": 16126, "alpha": 117841, "low_beta": 42010, "high_beta": 46195, "beta": 88205, "low_gamma": 20118, "mid_gamma": 17201, "gamma": 37319, "rank": 48, "value": 91.0, "hr": 91.0, "unit": "bpm", "interpolated_fields": "", "image_expected_filename": "2026-07-17_13-04-16.jpg", "spectrogram": "spectrogram/2026-07-17_13-04-16.jpg"}}, {"type": "Feature", "id": 98, "geometry": {"type": "Point", "coordinates": [113.996165, 22.594519]}, "properties": {"city": "venice", "timestamp": "2026-07-17 13:04:26", "image": "extracted_frames/2026-07-17_13-04-26.jpg", "audio": "", "event_mark": "", "heart_rate": 90.0, "rr": 619.0, "temperature": 37.2, "attention": 54.0, "relaxation": 38.0, "sync_rate": 53.0, "mental_effort": -30.0, "familarity": 13.0, "pitch": 15.0, "yaw": 60.0, "roll": -8.0, "delta": 699782, "theta": 241348, "low_alpha": 32134, "high_alpha": 15994, "alpha": 48128, "low_beta": 12630, "high_beta": 44161, "beta": 56791, "low_gamma": 22830, "mid_gamma": 13732, "gamma": 36562, "rank": 49, "value": 90.0, "hr": 90.0, "unit": "bpm", "interpolated_fields": "rr", "image_expected_filename": "2026-07-17_13-04-26.jpg", "spectrogram": "spectrogram/2026-07-17_13-04-26.jpg"}}, {"type": "Feature", "id": 100, "geometry": {"type": "Point", "coordinates": [113.996057, 22.594492]}, "properties": {"city": "venice", "timestamp": "2026-07-17 13:04:36", "image": "extracted_frames/2026-07-17_13-04-36.jpg", "audio": "", "event_mark": "", "heart_rate": 94.0, "rr": 654.083, "temperature": 37.2, "attention": 34.0, "relaxation": 43.0, "sync_rate": 55.0, "mental_effort": -18.0, "familarity": 8.0, "pitch": 13.0, "yaw": 86.0, "roll": -4.0, "delta": 751170, "theta": 111922, "low_alpha": 14547, "high_alpha": 28672, "alpha": 43219, "low_beta": 17280, "high_beta": 11767, "beta": 29047, "low_gamma": 26411, "mid_gamma": 1925, "gamma": 28336, "rank": 50, "value": 94.0, "hr": 94.0, "unit": "bpm", "interpolated_fields": "rr", "image_expected_filename": "2026-07-17_13-04-36.jpg", "spectrogram": "spectrogram/2026-07-17_13-04-36.jpg"}}, {"type": "Feature", "id": 102, "geometry": {"type": "Point", "coordinates": [113.995952, 22.594467]}, "properties": {"city": "venice", "timestamp": "2026-07-17 13:04:46", "image": "extracted_frames/2026-07-17_13-04-46.jpg", "audio": "", "event_mark": "", "heart_rate": 91.0, "rr": 650.083, "temperature": 37.2, "attention": 64.0, "relaxation": 35.0, "sync_rate": 44.0, "mental_effort": -24.0, "familarity": -22.0, "pitch": 1.0, "yaw": 138.0, "roll": -16.0, "delta": 83498, "theta": 11962, "low_alpha": 6950, "high_alpha": 5193, "alpha": 12143, "low_beta": 5718, "high_beta": 13546, "beta": 19264, "low_gamma": 6908, "mid_gamma": 2930, "gamma": 9838, "rank": 51, "value": 91.0, "hr": 91.0, "unit": "bpm", "interpolated_fields": "rr", "image_expected_filename": "2026-07-17_13-04-46.jpg", "spectrogram": "spectrogram/2026-07-17_13-04-46.jpg"}}, {"type": "Feature", "id": 104, "geometry": {"type": "Point", "coordinates": [113.995848, 22.594445]}, "properties": {"city": "venice", "timestamp": "2026-07-17 13:04:56", "image": "extracted_frames/2026-07-17_13-04-56.jpg", "audio": "", "event_mark": "", "heart_rate": 91.0, "rr": 641.0, "temperature": 37.2, "attention": 48.0, "relaxation": 54.0, "sync_rate": 45.0, "mental_effort": -32.0, "familarity": -15.0, "pitch": 8.0, "yaw": -164.0, "roll": -8.0, "delta": 352689, "theta": 175010, "low_alpha": 79771, "high_alpha": 60414, "alpha": 140185, "low_beta": 12661, "high_beta": 40959, "beta": 53620, "low_gamma": 12508, "mid_gamma": 8756, "gamma": 21264, "rank": 52, "value": 91.0, "hr": 91.0, "unit": "bpm", "interpolated_fields": "", "image_expected_filename": "2026-07-17_13-04-56.jpg", "spectrogram": "spectrogram/2026-07-17_13-04-56.jpg"}}, {"type": "Feature", "id": 106, "geometry": {"type": "Point", "coordinates": [113.995746, 22.594432]}, "properties": {"city": "venice", "timestamp": "2026-07-17 13:05:06", "image": "extracted_frames/2026-07-17_13-05-06.jpg", "audio": "", "event_mark": "", "heart_rate": 93.0, "rr": 621.5, "temperature": 37.2, "attention": 63.0, "relaxation": 60.0, "sync_rate": 30.0, "mental_effort": -14.0, "familarity": 18.0, "pitch": 15.0, "yaw": -158.0, "roll": -6.0, "delta": 25279, "theta": 24796, "low_alpha": 5348, "high_alpha": 11881, "alpha": 17229, "low_beta": 14844, "high_beta": 8627, "beta": 23471, "low_gamma": 12699, "mid_gamma": 1629, "gamma": 14328, "rank": 53, "value": 93.0, "hr": 93.0, "unit": "bpm", "interpolated_fields": "rr", "image_expected_filename": "2026-07-17_13-05-06.jpg", "spectrogram": "spectrogram/2026-07-17_13-05-06.jpg"}}, {"type": "Feature", "id": 108, "geometry": {"type": "Point", "coordinates": [113.995644, 22.594407]}, "properties": {"city": "venice", "timestamp": "2026-07-17 13:05:16", "image": "extracted_frames/2026-07-17_13-05-16.jpg", "audio": "", "event_mark": "", "heart_rate": 92.0, "rr": 629.0, "temperature": 37.2, "attention": 43.0, "relaxation": 41.0, "sync_rate": 57.0, "mental_effort": -30.0, "familarity": -42.0, "pitch": 21.0, "yaw": -75.0, "roll": -15.0, "delta": 556583, "theta": 95499, "low_alpha": 16588, "high_alpha": 22635, "alpha": 39223, "low_beta": 22845, "high_beta": 58998, "beta": 81843, "low_gamma": 35061, "mid_gamma": 11140, "gamma": 46201, "rank": 54, "value": 92.0, "hr": 92.0, "unit": "bpm", "interpolated_fields": "", "image_expected_filename": "2026-07-17_13-05-16.jpg", "spectrogram": "spectrogram/2026-07-17_13-05-16.jpg"}}, {"type": "Feature", "id": 110, "geometry": {"type": "Point", "coordinates": [113.995542, 22.594375]}, "properties": {"city": "venice", "timestamp": "2026-07-17 13:05:26", "image": "extracted_frames/2026-07-17_13-05-26.jpg", "audio": "", "event_mark": "", "heart_rate": 90.0, "rr": 663.0, "temperature": 37.2, "attention": 40.0, "relaxation": 61.0, "sync_rate": 46.0, "mental_effort": -17.0, "familarity": 6.0, "pitch": 5.0, "yaw": -58.0, "roll": -12.0, "delta": 1237961, "theta": 347361, "low_alpha": 11602, "high_alpha": 87730, "alpha": 99332, "low_beta": 28706, "high_beta": 55807, "beta": 84513, "low_gamma": 73837, "mid_gamma": 58268, "gamma": 132105, "rank": 55, "value": 90.0, "hr": 90.0, "unit": "bpm", "interpolated_fields": "", "image_expected_filename": "2026-07-17_13-05-26.jpg", "spectrogram": "spectrogram/2026-07-17_13-05-26.jpg"}}, {"type": "Feature", "id": 112, "geometry": {"type": "Point", "coordinates": [113.995431, 22.594336]}, "properties": {"city": "venice", "timestamp": "2026-07-17 13:05:36", "image": "extracted_frames/2026-07-17_13-05-36.jpg", "audio": "", "event_mark": "", "heart_rate": 89.0, "rr": 655.667, "temperature": 37.1, "attention": 44.0, "relaxation": 67.0, "sync_rate": 61.0, "mental_effort": -35.0, "familarity": 15.0, "pitch": 14.0, "yaw": -26.0, "roll": -15.0, "delta": 1672574, "theta": 140694, "low_alpha": 108842, "high_alpha": 45242, "alpha": 154084, "low_beta": 57948, "high_beta": 50911, "beta": 108859, "low_gamma": 45504, "mid_gamma": 42221, "gamma": 87725, "rank": 56, "value": 89.0, "hr": 89.0, "unit": "bpm", "interpolated_fields": "", "image_expected_filename": "2026-07-17_13-05-36.jpg", "spectrogram": "spectrogram/2026-07-17_13-05-36.jpg"}}, {"type": "Feature", "id": 114, "geometry": {"type": "Point", "coordinates": [113.995336, 22.594332]}, "properties": {"city": "venice", "timestamp": "2026-07-17 13:05:46", "image": "extracted_frames/2026-07-17_13-05-46.jpg", "audio": "", "event_mark": "", "heart_rate": 91.0, "rr": 605.0, "temperature": 37.1, "attention": 35.0, "relaxation": 64.0, "sync_rate": 42.0, "mental_effort": -19.0, "familarity": 16.0, "pitch": -38.0, "yaw": 44.0, "roll": -1.0, "delta": 95143, "theta": 15374, "low_alpha": 6158, "high_alpha": 2413, "alpha": 8571, "low_beta": 1640, "high_beta": 3219, "beta": 4859, "low_gamma": 3057, "mid_gamma": 1796, "gamma": 4853, "rank": 57, "value": 91.0, "hr": 91.0, "unit": "bpm", "interpolated_fields": "", "image_expected_filename": "2026-07-17_13-05-46.jpg", "spectrogram": "spectrogram/2026-07-17_13-05-46.jpg"}}, {"type": "Feature", "id": 116, "geometry": {"type": "Point", "coordinates": [113.995243, 22.594332]}, "properties": {"city": "venice", "timestamp": "2026-07-17 13:05:56", "image": "extracted_frames/2026-07-17_13-05-56.jpg", "audio": "", "event_mark": "", "heart_rate": 95.0, "rr": 648.0, "temperature": 37.1, "attention": 53.0, "relaxation": 35.0, "sync_rate": 25.0, "mental_effort": -30.0, "familarity": 13.0, "pitch": -10.0, "yaw": 77.0, "roll": -11.0, "delta": 810012, "theta": 80636, "low_alpha": 2810, "high_alpha": 2162, "alpha": 4972, "low_beta": 14765, "high_beta": 13612, "beta": 28377, "low_gamma": 19941, "mid_gamma": 5111, "gamma": 25052, "rank": 58, "value": 95.0, "hr": 95.0, "unit": "bpm", "interpolated_fields": "", "image_expected_filename": "2026-07-17_13-05-56.jpg", "spectrogram": "spectrogram/2026-07-17_13-05-56.jpg"}}, {"type": "Feature", "id": 118, "geometry": {"type": "Point", "coordinates": [113.995117, 22.594313]}, "properties": {"city": "venice", "timestamp": "2026-07-17 13:06:06", "image": "extracted_frames/2026-07-17_13-06-06.jpg", "audio": "", "event_mark": "快速过马路，小跑两步。", "heart_rate": 92.0, "rr": 631.0, "temperature": 37.1, "attention": 48.0, "relaxation": 74.0, "sync_rate": 64.0, "mental_effort": -28.0, "familarity": 14.0, "pitch": -32.0, "yaw": 34.0, "roll": -8.0, "delta": 53923, "theta": 21425, "low_alpha": 7502, "high_alpha": 6121, "alpha": 13623, "low_beta": 10907, "high_beta": 3707, "beta": 14614, "low_gamma": 2221, "mid_gamma": 733, "gamma": 2954, "rank": 59, "value": 92.0, "hr": 92.0, "unit": "bpm", "interpolated_fields": "", "image_expected_filename": "2026-07-17_13-06-06.jpg", "spectrogram": "spectrogram/2026-07-17_13-06-06.jpg"}}, {"type": "Feature", "id": 120, "geometry": {"type": "Point", "coordinates": [113.995003, 22.594272]}, "properties": {"city": "venice", "timestamp": "2026-07-17 13:06:16", "image": "extracted_frames/2026-07-17_13-06-16.jpg", "audio": "", "event_mark": "", "heart_rate": 93.0, "rr": 594.0, "temperature": 37.0, "attention": 53.0, "relaxation": 43.0, "sync_rate": 22.0, "mental_effort": -4.0, "familarity": 10.0, "pitch": 30.0, "yaw": 176.0, "roll": -9.0, "delta": 630977, "theta": 32118, "low_alpha": 10664, "high_alpha": 8577, "alpha": 19241, "low_beta": 23330, "high_beta": 12712, "beta": 36042, "low_gamma": 16027, "mid_gamma": 2827, "gamma": 18854, "rank": 60, "value": 93.0, "hr": 93.0, "unit": "bpm", "interpolated_fields": "", "image_expected_filename": "2026-07-17_13-06-16.jpg", "spectrogram": "spectrogram/2026-07-17_13-06-16.jpg"}}, {"type": "Feature", "id": 122, "geometry": {"type": "Point", "coordinates": [113.99489, 22.594232]}, "properties": {"city": "venice", "timestamp": "2026-07-17 13:06:26", "image": "extracted_frames/2026-07-17_13-06-26.jpg", "audio": "", "event_mark": "", "heart_rate": 98.0, "rr": 600.0, "temperature": 37.1, "attention": 17.0, "relaxation": 43.0, "sync_rate": 68.0, "mental_effort": -5.0, "familarity": 0.0, "pitch": 10.0, "yaw": -108.0, "roll": -9.0, "delta": 707539, "theta": 521429, "low_alpha": 27649, "high_alpha": 32478, "alpha": 60127, "low_beta": 22545, "high_beta": 16440, "beta": 38985, "low_gamma": 32317, "mid_gamma": 13683, "gamma": 46000, "rank": 61, "value": 98.0, "hr": 98.0, "unit": "bpm", "interpolated_fields": "", "image_expected_filename": "2026-07-17_13-06-26.jpg", "spectrogram": "spectrogram/2026-07-17_13-06-26.jpg"}}, {"type": "Feature", "id": 124, "geometry": {"type": "Point", "coordinates": [113.994777, 22.594192]}, "properties": {"city": "venice", "timestamp": "2026-07-17 13:06:36", "image": "extracted_frames/2026-07-17_13-06-36.jpg", "audio": "", "event_mark": "", "heart_rate": 99.0, "rr": 611.92, "temperature": 37.1, "attention": 29.0, "relaxation": 41.0, "sync_rate": 82.0, "mental_effort": -16.0, "familarity": -1.0, "pitch": 21.0, "yaw": -90.0, "roll": -13.0, "delta": 743636, "theta": 153691, "low_alpha": 28101, "high_alpha": 26748, "alpha": 54849, "low_beta": 22111, "high_beta": 24882, "beta": 46993, "low_gamma": 15971, "mid_gamma": 19615, "gamma": 35586, "rank": 62, "value": 99.0, "hr": 99.0, "unit": "bpm", "interpolated_fields": "rr", "image_expected_filename": "2026-07-17_13-06-36.jpg", "spectrogram": "spectrogram/2026-07-17_13-06-36.jpg"}}, {"type": "Feature", "id": 126, "geometry": {"type": "Point", "coordinates": [113.994664, 22.594151]}, "properties": {"city": "venice", "timestamp": "2026-07-17 13:06:46", "image": "extracted_frames/2026-07-17_13-06-46.jpg", "audio": "", "event_mark": "", "heart_rate": 96.0, "rr": 607.0, "temperature": 37.1, "attention": 40.5, "relaxation": 49.0, "sync_rate": 69.5, "mental_effort": -36.5, "familarity": -1.5, "pitch": 10.5, "yaw": -33.0, "roll": -1.0, "delta": 567346, "theta": 152948, "low_alpha": 31582, "high_alpha": 26556, "alpha": 58138, "low_beta": 17968, "high_beta": 21218, "beta": 39186, "low_gamma": 31164, "mid_gamma": 6805, "gamma": 37970, "rank": 63, "value": 96.0, "hr": 96.0, "unit": "bpm", "interpolated_fields": "attention, relaxation, delta, theta, low_alpha, high_alpha, low_beta, high_beta, low_gamma, mid_gamma, pitch, yaw, roll, sync_rate, mental_effort, familarity, temperature, heart_rate", "image_expected_filename": "2026-07-17_13-06-46.jpg", "spectrogram": "spectrogram/2026-07-17_13-06-46.jpg"}}, {"type": "Feature", "id": 128, "geometry": {"type": "Point", "coordinates": [113.994609, 22.594121]}, "properties": {"city": "venice", "timestamp": "2026-07-17 13:06:56", "image": "extracted_frames/2026-07-17_13-06-56.jpg", "audio": "", "event_mark": "", "heart_rate": 96.0, "rr": 613.743, "temperature": 37.1, "attention": 50.0, "relaxation": 70.0, "sync_rate": 61.0, "mental_effort": -26.0, "familarity": 8.0, "pitch": 31.0, "yaw": 8.0, "roll": -7.0, "delta": 1695576, "theta": 309344, "low_alpha": 155165, "high_alpha": 12828, "alpha": 167993, "low_beta": 27640, "high_beta": 64979, "beta": 92619, "low_gamma": 68973, "mid_gamma": 36915, "gamma": 105888, "rank": 64, "value": 96.0, "hr": 96.0, "unit": "bpm", "interpolated_fields": "rr", "image_expected_filename": "2026-07-17_13-06-56.jpg", "spectrogram": "spectrogram/2026-07-17_13-06-56.jpg"}}, {"type": "Feature", "id": 130, "geometry": {"type": "Point", "coordinates": [113.994568, 22.594092]}, "properties": {"city": "venice", "timestamp": "2026-07-17 13:07:06", "image": "extracted_frames/2026-07-17_13-07-06.jpg", "audio": "", "event_mark": "", "heart_rate": 96.0, "rr": 664.5, "temperature": 37.1, "attention": 37.0, "relaxation": 40.0, "sync_rate": 39.0, "mental_effort": -22.0, "familarity": -4.0, "pitch": 20.0, "yaw": 60.0, "roll": -10.0, "delta": 860892, "theta": 89558, "low_alpha": 23245, "high_alpha": 9786, "alpha": 33031, "low_beta": 10136, "high_beta": 24375, "beta": 34511, "low_gamma": 10200, "mid_gamma": 7407, "gamma": 17607, "rank": 65, "value": 96.0, "hr": 96.0, "unit": "bpm", "interpolated_fields": "", "image_expected_filename": "2026-07-17_13-07-06.jpg", "spectrogram": "spectrogram/2026-07-17_13-07-06.jpg"}}, {"type": "Feature", "id": 132, "geometry": {"type": "Point", "coordinates": [113.994528, 22.594064]}, "properties": {"city": "venice", "timestamp": "2026-07-17 13:07:16", "image": "extracted_frames/2026-07-17_13-07-16.jpg", "audio": "", "event_mark": "", "heart_rate": 95.0, "rr": 571.4, "temperature": 37.1, "attention": 34.0, "relaxation": 57.0, "sync_rate": 56.0, "mental_effort": -20.0, "familarity": -6.0, "pitch": -19.0, "yaw": 76.0, "roll": -8.0, "delta": 400181, "theta": 69452, "low_alpha": 13578, "high_alpha": 6432, "alpha": 20010, "low_beta": 19573, "high_beta": 10382, "beta": 29955, "low_gamma": 19274, "mid_gamma": 9675, "gamma": 28949, "rank": 66, "value": 95.0, "hr": 95.0, "unit": "bpm", "interpolated_fields": "", "image_expected_filename": "2026-07-17_13-07-16.jpg", "spectrogram": "spectrogram/2026-07-17_13-07-16.jpg"}}, {"type": "Feature", "id": 134, "geometry": {"type": "Point", "coordinates": [113.994488, 22.594036]}, "properties": {"city": "venice", "timestamp": "2026-07-17 13:07:26", "image": "extracted_frames/2026-07-17_13-07-26.jpg", "audio": "", "event_mark": "", "heart_rate": 97.0, "rr": 621.5, "temperature": 37.1, "attention": 35.0, "relaxation": 63.0, "sync_rate": 52.0, "mental_effort": -24.0, "familarity": 2.0, "pitch": 0.0, "yaw": 115.0, "roll": -1.0, "delta": 1445889, "theta": 295130, "low_alpha": 28215, "high_alpha": 34311, "alpha": 62526, "low_beta": 10681, "high_beta": 29626, "beta": 40307, "low_gamma": 28319, "mid_gamma": 19422, "gamma": 47741, "rank": 67, "value": 97.0, "hr": 97.0, "unit": "bpm", "interpolated_fields": "rr", "image_expected_filename": "2026-07-17_13-07-26.jpg", "spectrogram": "spectrogram/2026-07-17_13-07-26.jpg"}}, {"type": "Feature", "id": 136, "geometry": {"type": "Point", "coordinates": [113.994447, 22.594008]}, "properties": {"city": "venice", "timestamp": "2026-07-17 13:07:36", "image": "extracted_frames/2026-07-17_13-07-36.jpg", "audio": "", "event_mark": "", "heart_rate": 92.0, "rr": 621.625, "temperature": 37.0, "attention": 74.0, "relaxation": 66.0, "sync_rate": 38.0, "mental_effort": 32.0, "familarity": 9.0, "pitch": 35.0, "yaw": 151.0, "roll": -9.0, "delta": 47873, "theta": 13473, "low_alpha": 2347, "high_alpha": 3205, "alpha": 5552, "low_beta": 1452, "high_beta": 3372, "beta": 4824, "low_gamma": 1904, "mid_gamma": 1590, "gamma": 3494, "rank": 68, "value": 92.0, "hr": 92.0, "unit": "bpm", "interpolated_fields": "rr", "image_expected_filename": "2026-07-17_13-07-36.jpg", "spectrogram": "spectrogram/2026-07-17_13-07-36.jpg"}}, {"type": "Feature", "id": 138, "geometry": {"type": "Point", "coordinates": [113.994407, 22.59398]}, "properties": {"city": "venice", "timestamp": "2026-07-17 13:07:46", "image": "extracted_frames/2026-07-17_13-07-46.jpg", "audio": "", "event_mark": "", "heart_rate": 93.0, "rr": 660.0, "temperature": 37.0, "attention": 26.0, "relaxation": 60.0, "sync_rate": 74.0, "mental_effort": -8.0, "familarity": 14.0, "pitch": -29.0, "yaw": -150.0, "roll": -2.0, "delta": 1977254, "theta": 273508, "low_alpha": 59180, "high_alpha": 20502, "alpha": 79682, "low_beta": 15789, "high_beta": 28238, "beta": 44027, "low_gamma": 26246, "mid_gamma": 10063, "gamma": 36309, "rank": 69, "value": 93.0, "hr": 93.0, "unit": "bpm", "interpolated_fields": "", "image_expected_filename": "2026-07-17_13-07-46.jpg", "spectrogram": "spectrogram/2026-07-17_13-07-46.jpg"}}, {"type": "Feature", "id": 140, "geometry": {"type": "Point", "coordinates": [113.994318, 22.593964]}, "properties": {"city": "venice", "timestamp": "2026-07-17 13:07:56", "image": "extracted_frames/2026-07-17_13-07-56.jpg", "audio": "", "event_mark": "", "heart_rate": 93.0, "rr": 618.0, "temperature": 37.0, "attention": 60.0, "relaxation": 47.0, "sync_rate": 29.0, "mental_effort": -28.0, "familarity": 5.0, "pitch": 20.0, "yaw": -78.0, "roll": -16.0, "delta": 1749968, "theta": 118049, "low_alpha": 44051, "high_alpha": 10222, "alpha": 54273, "low_beta": 19782, "high_beta": 24356, "beta": 44138, "low_gamma": 18811, "mid_gamma": 5672, "gamma": 24483, "rank": 70, "value": 93.0, "hr": 93.0, "unit": "bpm", "interpolated_fields": "", "image_expected_filename": "2026-07-17_13-07-56.jpg", "spectrogram": "spectrogram/2026-07-17_13-07-56.jpg"}}, {"type": "Feature", "id": 142, "geometry": {"type": "Point", "coordinates": [113.994197, 22.593956]}, "properties": {"city": "venice", "timestamp": "2026-07-17 13:08:06", "image": "extracted_frames/2026-07-17_13-08-06.jpg", "audio": "", "event_mark": "", "heart_rate": 97.0, "rr": 625.5, "temperature": 36.9, "attention": 47.0, "relaxation": 74.0, "sync_rate": 57.0, "mental_effort": -31.0, "familarity": 0.0, "pitch": 14.0, "yaw": 6.0, "roll": -14.0, "delta": 167521, "theta": 10847, "low_alpha": 7223, "high_alpha": 2124, "alpha": 9347, "low_beta": 2317, "high_beta": 5039, "beta": 7356, "low_gamma": 6215, "mid_gamma": 1797, "gamma": 8012, "rank": 71, "value": 97.0, "hr": 97.0, "unit": "bpm", "interpolated_fields": "", "image_expected_filename": "2026-07-17_13-08-06.jpg", "spectrogram": "spectrogram/2026-07-17_13-08-06.jpg"}}, {"type": "Feature", "id": 144, "geometry": {"type": "Point", "coordinates": [113.994137, 22.593914]}, "properties": {"city": "venice", "timestamp": "2026-07-17 13:08:16", "image": "extracted_frames/2026-07-17_13-08-16.jpg", "audio": "", "event_mark": "", "heart_rate": 93.0, "rr": 650.5, "temperature": 36.9, "attention": 81.0, "relaxation": 54.0, "sync_rate": 39.0, "mental_effort": -20.0, "familarity": 5.0, "pitch": 0.0, "yaw": 41.0, "roll": 0.0, "delta": 1722807, "theta": 290968, "low_alpha": 13912, "high_alpha": 34465, "alpha": 48377, "low_beta": 13440, "high_beta": 63060, "beta": 76500, "low_gamma": 45142, "mid_gamma": 13681, "gamma": 58823, "rank": 72, "value": 93.0, "hr": 93.0, "unit": "bpm", "interpolated_fields": "", "image_expected_filename": "2026-07-17_13-08-16.jpg", "spectrogram": "spectrogram/2026-07-17_13-08-16.jpg"}}, {"type": "Feature", "id": 146, "geometry": {"type": "Point", "coordinates": [113.994102, 22.593858]}, "properties": {"city": "venice", "timestamp": "2026-07-17 13:08:26", "image": "extracted_frames/2026-07-17_13-08-26.jpg", "audio": "", "event_mark": "", "heart_rate": 89.0, "rr": 651.0, "temperature": 36.9, "attention": 56.0, "relaxation": 56.0, "sync_rate": 29.0, "mental_effort": -33.0, "familarity": -5.0, "pitch": 18.0, "yaw": 52.0, "roll": -10.0, "delta": 112251, "theta": 92854, "low_alpha": 9912, "high_alpha": 14789, "alpha": 24701, "low_beta": 2614, "high_beta": 5715, "beta": 8329, "low_gamma": 5889, "mid_gamma": 2105, "gamma": 7994, "rank": 73, "value": 89.0, "hr": 89.0, "unit": "bpm", "interpolated_fields": "", "image_expected_filename": "2026-07-17_13-08-26.jpg", "spectrogram": "spectrogram/2026-07-17_13-08-26.jpg"}}, {"type": "Feature", "id": 148, "geometry": {"type": "Point", "coordinates": [113.994067, 22.593801]}, "properties": {"city": "venice", "timestamp": "2026-07-17 13:08:36", "image": "extracted_frames/2026-07-17_13-08-36.jpg", "audio": "", "event_mark": "", "heart_rate": 91.0, "rr": 684.0, "temperature": 36.9, "attention": 50.0, "relaxation": 48.0, "sync_rate": 42.0, "mental_effort": -7.0, "familarity": -8.0, "pitch": 8.0, "yaw": 131.0, "roll": -5.0, "delta": 3273686, "theta": 199261, "low_alpha": 9645, "high_alpha": 16651, "alpha": 26296, "low_beta": 36999, "high_beta": 22224, "beta": 59223, "low_gamma": 34844, "mid_gamma": 22690, "gamma": 57534, "rank": 74, "value": 91.0, "hr": 91.0, "unit": "bpm", "interpolated_fields": "", "image_expected_filename": "2026-07-17_13-08-36.jpg", "spectrogram": "spectrogram/2026-07-17_13-08-36.jpg"}}, {"type": "Feature", "id": 150, "geometry": {"type": "Point", "coordinates": [113.994033, 22.593745]}, "properties": {"city": "venice", "timestamp": "2026-07-17 13:08:46", "image": "extracted_frames/2026-07-17_13-08-46.jpg", "audio": "", "event_mark": "", "heart_rate": 90.0, "rr": 646.0, "temperature": 36.9, "attention": 63.0, "relaxation": 57.0, "sync_rate": 56.0, "mental_effort": -31.0, "familarity": -13.0, "pitch": 25.0, "yaw": 166.0, "roll": -1.0, "delta": 1044286, "theta": 183764, "low_alpha": 16103, "high_alpha": 16937, "alpha": 33040, "low_beta": 16672, "high_beta": 28249, "beta": 44921, "low_gamma": 22074, "mid_gamma": 4440, "gamma": 26514, "rank": 75, "value": 90.0, "hr": 90.0, "unit": "bpm", "interpolated_fields": "", "image_expected_filename": "2026-07-17_13-08-46.jpg", "spectrogram": "spectrogram/2026-07-17_13-08-46.jpg"}}, {"type": "Feature", "id": 152, "geometry": {"type": "Point", "coordinates": [113.993998, 22.593688]}, "properties": {"city": "venice", "timestamp": "2026-07-17 13:08:56", "image": "extracted_frames/2026-07-17_13-08-56.jpg", "audio": "", "event_mark": "", "heart_rate": 94.0, "rr": 676.0, "temperature": 36.9, "attention": 44.0, "relaxation": 37.0, "sync_rate": 39.0, "mental_effort": -19.0, "familarity": 9.0, "pitch": 16.0, "yaw": -158.0, "roll": -12.0, "delta": 842190, "theta": 67598, "low_alpha": 6271, "high_alpha": 9074, "alpha": 15345, "low_beta": 2406, "high_beta": 10639, "beta": 13045, "low_gamma": 13585, "mid_gamma": 8189, "gamma": 21774, "rank": 76, "value": 94.0, "hr": 94.0, "unit": "bpm", "interpolated_fields": "", "image_expected_filename": "2026-07-17_13-08-56.jpg", "spectrogram": "spectrogram/2026-07-17_13-08-56.jpg"}}, {"type": "Feature", "id": 154, "geometry": {"type": "Point", "coordinates": [113.993506, 22.593604]}, "properties": {"city": "venice", "timestamp": "2026-07-17 13:09:06", "image": "extracted_frames/2026-07-17_13-09-06.jpg", "audio": "", "event_mark": "", "heart_rate": 91.0, "rr": 671.333, "temperature": 36.9, "attention": 34.0, "relaxation": 63.0, "sync_rate": 70.0, "mental_effort": -23.0, "familarity": -15.0, "pitch": 0.0, "yaw": -124.0, "roll": -6.0, "delta": 686455, "theta": 10388, "low_alpha": 10042, "high_alpha": 4060, "alpha": 14102, "low_beta": 10993, "high_beta": 2383, "beta": 13376, "low_gamma": 4907, "mid_gamma": 3261, "gamma": 8168, "rank": 77, "value": 91.0, "hr": 91.0, "unit": "bpm", "interpolated_fields": "", "image_expected_filename": "2026-07-17_13-09-06.jpg", "spectrogram": "spectrogram/2026-07-17_13-09-06.jpg"}}, {"type": "Feature", "id": 156, "geometry": {"type": "Point", "coordinates": [113.993444, 22.593551]}, "properties": {"city": "venice", "timestamp": "2026-07-17 13:09:16", "image": "extracted_frames/2026-07-17_13-09-16.jpg", "audio": "", "event_mark": "", "heart_rate": 91.0, "rr": 643.0, "temperature": 36.9, "attention": 63.0, "relaxation": 43.0, "sync_rate": 29.0, "mental_effort": -25.0, "familarity": 4.0, "pitch": 14.0, "yaw": -81.0, "roll": -3.0, "delta": 394827, "theta": 118229, "low_alpha": 51295, "high_alpha": 37135, "alpha": 88430, "low_beta": 30294, "high_beta": 49856, "beta": 80150, "low_gamma": 33015, "mid_gamma": 10308, "gamma": 43323, "rank": 78, "value": 91.0, "hr": 91.0, "unit": "bpm", "interpolated_fields": "", "image_expected_filename": "2026-07-17_13-09-16.jpg", "spectrogram": "spectrogram/2026-07-17_13-09-16.jpg"}}, {"type": "Feature", "id": 158, "geometry": {"type": "Point", "coordinates": [113.99343, 22.5935]}, "properties": {"city": "venice", "timestamp": "2026-07-17 13:09:26", "image": "extracted_frames/2026-07-17_13-09-26.jpg", "audio": "", "event_mark": "", "heart_rate": 92.0, "rr": 632.5, "temperature": 36.9, "attention": 60.0, "relaxation": 70.0, "sync_rate": 32.0, "mental_effort": -32.0, "familarity": -31.0, "pitch": 1.0, "yaw": -28.0, "roll": -14.0, "delta": 98435, "theta": 28525, "low_alpha": 12466, "high_alpha": 4029, "alpha": 16495, "low_beta": 6512, "high_beta": 29054, "beta": 35566, "low_gamma": 13616, "mid_gamma": 3741, "gamma": 17357, "rank": 79, "value": 92.0, "hr": 92.0, "unit": "bpm", "interpolated_fields": "", "image_expected_filename": "2026-07-17_13-09-26.jpg", "spectrogram": "spectrogram/2026-07-17_13-09-26.jpg"}}, {"type": "Feature", "id": 160, "geometry": {"type": "Point", "coordinates": [113.993416, 22.593449]}, "properties": {"city": "venice", "timestamp": "2026-07-17 13:09:36", "image": "extracted_frames/2026-07-17_13-09-36.jpg", "audio": "", "event_mark": "", "heart_rate": 92.0, "rr": 633.0, "temperature": 36.9, "attention": 40.0, "relaxation": 50.0, "sync_rate": 44.0, "mental_effort": -28.0, "familarity": 2.0, "pitch": 3.0, "yaw": 27.0, "roll": 3.0, "delta": 194409, "theta": 118858, "low_alpha": 8583, "high_alpha": 4502, "alpha": 13085, "low_beta": 5147, "high_beta": 30452, "beta": 35599, "low_gamma": 20846, "mid_gamma": 6866, "gamma": 27712, "rank": 80, "value": 92.0, "hr": 92.0, "unit": "bpm", "interpolated_fields": "", "image_expected_filename": "2026-07-17_13-09-36.jpg", "spectrogram": "spectrogram/2026-07-17_13-09-36.jpg"}}, {"type": "Feature", "id": 162, "geometry": {"type": "Point", "coordinates": [113.993402, 22.593399]}, "properties": {"city": "venice", "timestamp": "2026-07-17 13:09:46", "image": "extracted_frames/2026-07-17_13-09-46.jpg", "audio": "", "event_mark": "", "heart_rate": 93.0, "rr": 596.0, "temperature": 36.8, "attention": 17.0, "relaxation": 57.0, "sync_rate": 31.0, "mental_effort": -23.0, "familarity": 14.0, "pitch": 30.0, "yaw": 157.0, "roll": -20.0, "delta": 180060, "theta": 108900, "low_alpha": 8045, "high_alpha": 8134, "alpha": 16179, "low_beta": 10000, "high_beta": 7087, "beta": 17087, "low_gamma": 4065, "mid_gamma": 4843, "gamma": 8908, "rank": 81, "value": 93.0, "hr": 93.0, "unit": "bpm", "interpolated_fields": "", "image_expected_filename": "2026-07-17_13-09-46.jpg", "spectrogram": "spectrogram/2026-07-17_13-09-46.jpg"}}, {"type": "Feature", "id": 164, "geometry": {"type": "Point", "coordinates": [113.993388, 22.593348]}, "properties": {"city": "venice", "timestamp": "2026-07-17 13:09:56", "image": "extracted_frames/2026-07-17_13-09-56.jpg", "audio": "", "event_mark": "", "heart_rate": 97.0, "rr": 558.167, "temperature": 36.8, "attention": 29.0, "relaxation": 78.0, "sync_rate": 80.0, "mental_effort": -33.0, "familarity": 1.0, "pitch": 0.0, "yaw": -172.0, "roll": -14.0, "delta": 549812, "theta": 380240, "low_alpha": 65608, "high_alpha": 61938, "alpha": 127546, "low_beta": 11488, "high_beta": 25125, "beta": 36613, "low_gamma": 29831, "mid_gamma": 14607, "gamma": 44438, "rank": 82, "value": 97.0, "hr": 97.0, "unit": "bpm", "interpolated_fields": "rr", "image_expected_filename": "2026-07-17_13-09-56.jpg", "spectrogram": "spectrogram/2026-07-17_13-09-56.jpg"}}, {"type": "Feature", "id": 166, "geometry": {"type": "Point", "coordinates": [113.993374, 22.593298]}, "properties": {"city": "venice", "timestamp": "2026-07-17 13:10:06", "image": "extracted_frames/2026-07-17_13-10-06.jpg", "audio": "", "event_mark": "", "heart_rate": 101.0, "rr": 617.5, "temperature": 36.7, "attention": 41.0, "relaxation": 80.0, "sync_rate": 50.0, "mental_effort": -31.0, "familarity": 13.0, "pitch": -19.0, "yaw": -130.0, "roll": -15.0, "delta": 672269, "theta": 286972, "low_alpha": 49838, "high_alpha": 69216, "alpha": 119054, "low_beta": 22334, "high_beta": 43073, "beta": 65407, "low_gamma": 65915, "mid_gamma": 8030, "gamma": 73945, "rank": 83, "value": 101.0, "hr": 101.0, "unit": "bpm", "interpolated_fields": "", "image_expected_filename": "2026-07-17_13-10-06.jpg", "spectrogram": "spectrogram/2026-07-17_13-10-06.jpg"}}, {"type": "Feature", "id": 168, "geometry": {"type": "Point", "coordinates": [113.99336, 22.593247]}, "properties": {"city": "venice", "timestamp": "2026-07-17 13:10:16", "image": "extracted_frames/2026-07-17_13-10-16.jpg", "audio": "", "event_mark": "", "heart_rate": 92.0, "rr": 645.75, "temperature": 36.7, "attention": 23.0, "relaxation": 84.0, "sync_rate": 43.0, "mental_effort": -4.0, "familarity": 21.0, "pitch": -7.0, "yaw": -100.0, "roll": -15.0, "delta": 559478, "theta": 335035, "low_alpha": 69646, "high_alpha": 33278, "alpha": 102924, "low_beta": 14043, "high_beta": 29486, "beta": 43529, "low_gamma": 24329, "mid_gamma": 4547, "gamma": 28876, "rank": 84, "value": 92.0, "hr": 92.0, "unit": "bpm", "interpolated_fields": "", "image_expected_filename": "2026-07-17_13-10-16.jpg", "spectrogram": "spectrogram/2026-07-17_13-10-16.jpg"}}, {"type": "Feature", "id": 170, "geometry": {"type": "Point", "coordinates": [113.993433, 22.593175]}, "properties": {"city": "venice", "timestamp": "2026-07-17 13:10:26", "image": "extracted_frames/2026-07-17_13-10-26.jpg", "audio": "", "event_mark": "", "heart_rate": 96.0, "rr": 604.5, "temperature": 36.7, "attention": 38.0, "relaxation": 54.0, "sync_rate": 55.0, "mental_effort": -21.0, "familarity": 12.0, "pitch": 0.0, "yaw": -56.0, "roll": -11.0, "delta": 689162, "theta": 170219, "low_alpha": 34474, "high_alpha": 10244, "alpha": 44718, "low_beta": 15733, "high_beta": 19623, "beta": 35356, "low_gamma": 48252, "mid_gamma": 11474, "gamma": 59726, "rank": 85, "value": 96.0, "hr": 96.0, "unit": "bpm", "interpolated_fields": "", "image_expected_filename": "2026-07-17_13-10-26.jpg", "spectrogram": "spectrogram/2026-07-17_13-10-26.jpg"}}, {"type": "Feature", "id": 172, "geometry": {"type": "Point", "coordinates": [113.993543, 22.593094]}, "properties": {"city": "venice", "timestamp": "2026-07-17 13:10:36", "image": "extracted_frames/2026-07-17_13-10-36.jpg", "audio": "", "event_mark": "", "heart_rate": 98.0, "rr": 565.0, "temperature": 36.6, "attention": 43.0, "relaxation": 43.0, "sync_rate": 60.0, "mental_effort": 1.0, "familarity": 18.0, "pitch": 7.0, "yaw": -16.0, "roll": -7.0, "delta": 505740, "theta": 89543, "low_alpha": 22903, "high_alpha": 14826, "alpha": 37729, "low_beta": 9044, "high_beta": 7137, "beta": 16181, "low_gamma": 12775, "mid_gamma": 4896, "gamma": 17671, "rank": 86, "value": 98.0, "hr": 98.0, "unit": "bpm", "interpolated_fields": "", "image_expected_filename": "2026-07-17_13-10-36.jpg", "spectrogram": "spectrogram/2026-07-17_13-10-36.jpg"}}, {"type": "Feature", "id": 174, "geometry": {"type": "Point", "coordinates": [113.993654, 22.593013]}, "properties": {"city": "venice", "timestamp": "2026-07-17 13:10:46", "image": "extracted_frames/2026-07-17_13-10-46.jpg", "audio": "", "event_mark": "", "heart_rate": 98.0, "rr": 581.0, "temperature": 36.6, "attention": 44.0, "relaxation": 80.0, "sync_rate": 78.0, "mental_effort": -26.0, "familarity": -14.0, "pitch": -12.0, "yaw": 24.0, "roll": 8.0, "delta": 1717898, "theta": 54602, "low_alpha": 81212, "high_alpha": 43599, "alpha": 124811, "low_beta": 42270, "high_beta": 24621, "beta": 66891, "low_gamma": 33025, "mid_gamma": 12851, "gamma": 45876, "rank": 87, "value": 98.0, "hr": 98.0, "unit": "bpm", "interpolated_fields": "", "image_expected_filename": "2026-07-17_13-10-46.jpg", "spectrogram": "spectrogram/2026-07-17_13-10-46.jpg"}}, {"type": "Feature", "id": 176, "geometry": {"type": "Point", "coordinates": [113.993764, 22.592931]}, "properties": {"city": "venice", "timestamp": "2026-07-17 13:10:56", "image": "extracted_frames/2026-07-17_13-10-56.jpg", "audio": "", "event_mark": "", "heart_rate": 104.0, "rr": 573.5, "temperature": 36.6, "attention": 41.0, "relaxation": 51.0, "sync_rate": 55.0, "mental_effort": -28.0, "familarity": 4.0, "pitch": 6.0, "yaw": 96.0, "roll": -8.0, "delta": 124176, "theta": 45866, "low_alpha": 5119, "high_alpha": 7397, "alpha": 12516, "low_beta": 5322, "high_beta": 12333, "beta": 17655, "low_gamma": 3722, "mid_gamma": 2772, "gamma": 6494, "rank": 88, "value": 104.0, "hr": 104.0, "unit": "bpm", "interpolated_fields": "", "image_expected_filename": "2026-07-17_13-10-56.jpg", "spectrogram": "spectrogram/2026-07-17_13-10-56.jpg"}}, {"type": "Feature", "id": 178, "geometry": {"type": "Point", "coordinates": [113.993871, 22.592922]}, "properties": {"city": "venice", "timestamp": "2026-07-17 13:11:06", "image": "extracted_frames/2026-07-17_13-11-06.jpg", "audio": "", "event_mark": "", "heart_rate": 104.0, "rr": 581.5, "temperature": 36.6, "attention": 38.0, "relaxation": 60.0, "sync_rate": 54.0, "mental_effort": -33.0, "familarity": 1.0, "pitch": 14.0, "yaw": -131.0, "roll": -12.0, "delta": 50985, "theta": 19234, "low_alpha": 297, "high_alpha": 3795, "alpha": 4092, "low_beta": 2132, "high_beta": 3750, "beta": 5882, "low_gamma": 3579, "mid_gamma": 434, "gamma": 4013, "rank": 89, "value": 104.0, "hr": 104.0, "unit": "bpm", "interpolated_fields": "", "image_expected_filename": "2026-07-17_13-11-06.jpg", "spectrogram": "spectrogram/2026-07-17_13-11-06.jpg"}}, {"type": "Feature", "id": 180, "geometry": {"type": "Point", "coordinates": [113.993976, 22.59296]}, "properties": {"city": "venice", "timestamp": "2026-07-17 13:11:16", "image": "extracted_frames/2026-07-17_13-11-16.jpg", "audio": "", "event_mark": "", "heart_rate": 102.0, "rr": 572.5, "temperature": 36.7, "attention": 27.0, "relaxation": 69.0, "sync_rate": 68.0, "mental_effort": -2.0, "familarity": 6.0, "pitch": 7.0, "yaw": -92.0, "roll": -8.0, "delta": 736561, "theta": 281879, "low_alpha": 20194, "high_alpha": 29598, "alpha": 49792, "low_beta": 11588, "high_beta": 28779, "beta": 40367, "low_gamma": 26792, "mid_gamma": 12471, "gamma": 39263, "rank": 90, "value": 102.0, "hr": 102.0, "unit": "bpm", "interpolated_fields": "", "image_expected_filename": "2026-07-17_13-11-16.jpg", "spectrogram": "spectrogram/2026-07-17_13-11-16.jpg"}}, {"type": "Feature", "id": 182, "geometry": {"type": "Point", "coordinates": [113.994081, 22.592999]}, "properties": {"city": "venice", "timestamp": "2026-07-17 13:11:26", "image": "extracted_frames/2026-07-17_13-11-26.jpg", "audio": "", "event_mark": "", "heart_rate": 102.0, "rr": 570.333, "temperature": 36.7, "attention": 63.0, "relaxation": 61.0, "sync_rate": 35.0, "mental_effort": -34.0, "familarity": 12.0, "pitch": -3.0, "yaw": -53.0, "roll": 2.0, "delta": 680653, "theta": 22089, "low_alpha": 14477, "high_alpha": 11307, "alpha": 25784, "low_beta": 10663, "high_beta": 10967, "beta": 21630, "low_gamma": 24754, "mid_gamma": 18322, "gamma": 43076, "rank": 91, "value": 102.0, "hr": 102.0, "unit": "bpm", "interpolated_fields": "", "image_expected_filename": "2026-07-17_13-11-26.jpg", "spectrogram": "spectrogram/2026-07-17_13-11-26.jpg"}}, {"type": "Feature", "id": 184, "geometry": {"type": "Point", "coordinates": [113.99416, 22.593041]}, "properties": {"city": "venice", "timestamp": "2026-07-17 13:11:36", "image": "extracted_frames/2026-07-17_13-11-36.jpg", "audio": "", "event_mark": "", "heart_rate": 101.0, "rr": 594.5, "temperature": 36.7, "attention": 24.0, "relaxation": 61.0, "sync_rate": 46.0, "mental_effort": 14.0, "familarity": 4.0, "pitch": 15.0, "yaw": -9.0, "roll": -7.0, "delta": 132055, "theta": 119063, "low_alpha": 4779, "high_alpha": 3557, "alpha": 8336, "low_beta": 3419, "high_beta": 7421, "beta": 10840, "low_gamma": 8418, "mid_gamma": 8768, "gamma": 17186, "rank": 92, "value": 101.0, "hr": 101.0, "unit": "bpm", "interpolated_fields": "", "image_expected_filename": "2026-07-17_13-11-36.jpg", "spectrogram": "spectrogram/2026-07-17_13-11-36.jpg"}}, {"type": "Feature", "id": 186, "geometry": {"type": "Point", "coordinates": [113.994227, 22.593085]}, "properties": {"city": "venice", "timestamp": "2026-07-17 13:11:46", "image": "extracted_frames/2026-07-17_13-11-46.jpg", "audio": "", "event_mark": "", "heart_rate": 98.0, "rr": 627.0, "temperature": 36.8, "attention": 50.0, "relaxation": 74.0, "sync_rate": 73.0, "mental_effort": -29.0, "familarity": 4.0, "pitch": -3.0, "yaw": 22.0, "roll": 0.0, "delta": 431523, "theta": 11727, "low_alpha": 15382, "high_alpha": 12134, "alpha": 27516, "low_beta": 5829, "high_beta": 13067, "beta": 18896, "low_gamma": 10222, "mid_gamma": 2543, "gamma": 12765, "rank": 93, "value": 98.0, "hr": 98.0, "unit": "bpm", "interpolated_fields": "", "image_expected_filename": "2026-07-17_13-11-46.jpg", "spectrogram": "spectrogram/2026-07-17_13-11-46.jpg"}}, {"type": "Feature", "id": 188, "geometry": {"type": "Point", "coordinates": [113.994307, 22.593145]}, "properties": {"city": "venice", "timestamp": "2026-07-17 13:11:56", "image": "extracted_frames/2026-07-17_13-11-56.jpg", "audio": "", "event_mark": "先躲水坑，后面绕开。", "heart_rate": 93.0, "rr": 631.0, "temperature": 36.8, "attention": 53.0, "relaxation": 80.0, "sync_rate": 55.0, "mental_effort": -17.0, "familarity": -22.0, "pitch": 3.0, "yaw": 49.0, "roll": -2.0, "delta": 32222, "theta": 10011, "low_alpha": 6266, "high_alpha": 4573, "alpha": 10839, "low_beta": 1871, "high_beta": 4214, "beta": 6085, "low_gamma": 2443, "mid_gamma": 1583, "gamma": 4026, "rank": 94, "value": 93.0, "hr": 93.0, "unit": "bpm", "interpolated_fields": "", "image_expected_filename": "2026-07-17_13-11-56.jpg", "spectrogram": "spectrogram/2026-07-17_13-11-56.jpg"}}, {"type": "Feature", "id": 190, "geometry": {"type": "Point", "coordinates": [113.994419, 22.593242]}, "properties": {"city": "venice", "timestamp": "2026-07-17 13:12:06", "image": "extracted_frames/2026-07-17_13-12-06.jpg", "audio": "", "event_mark": "", "heart_rate": 94.0, "rr": 640.0, "temperature": 36.8, "attention": 50.0, "relaxation": 69.0, "sync_rate": 36.0, "mental_effort": -4.0, "familarity": 15.0, "pitch": 10.0, "yaw": 101.0, "roll": -13.0, "delta": 76982, "theta": 7058, "low_alpha": 1475, "high_alpha": 5179, "alpha": 6654, "low_beta": 4518, "high_beta": 3451, "beta": 7969, "low_gamma": 2885, "mid_gamma": 1260, "gamma": 4145, "rank": 95, "value": 94.0, "hr": 94.0, "unit": "bpm", "interpolated_fields": "", "image_expected_filename": "2026-07-17_13-12-06.jpg", "spectrogram": "spectrogram/2026-07-17_13-12-06.jpg"}}, {"type": "Feature", "id": 192, "geometry": {"type": "Point", "coordinates": [113.994506, 22.59334]}, "properties": {"city": "venice", "timestamp": "2026-07-17 13:12:16", "image": "extracted_frames/2026-07-17_13-12-16.jpg", "audio": "", "event_mark": "", "heart_rate": 93.0, "rr": 658.0, "temperature": 36.9, "attention": 50.0, "relaxation": 67.0, "sync_rate": 43.0, "mental_effort": -19.0, "familarity": -5.0, "pitch": 11.0, "yaw": 137.0, "roll": -10.0, "delta": 168569, "theta": 26640, "low_alpha": 10323, "high_alpha": 2547, "alpha": 12870, "low_beta": 12508, "high_beta": 8032, "beta": 20540, "low_gamma": 8284, "mid_gamma": 3758, "gamma": 12042, "rank": 96, "value": 93.0, "hr": 93.0, "unit": "bpm", "interpolated_fields": "", "image_expected_filename": "2026-07-17_13-12-16.jpg", "spectrogram": "spectrogram/2026-07-17_13-12-16.jpg"}}, {"type": "Feature", "id": 194, "geometry": {"type": "Point", "coordinates": [113.99461, 22.593352]}, "properties": {"city": "venice", "timestamp": "2026-07-17 13:12:26", "image": "extracted_frames/2026-07-17_13-12-26.jpg", "audio": "", "event_mark": "", "heart_rate": 92.0, "rr": 614.0, "temperature": 36.9, "attention": 27.0, "relaxation": 87.0, "sync_rate": 37.0, "mental_effort": -8.0, "familarity": -27.0, "pitch": 10.0, "yaw": 138.0, "roll": -2.0, "delta": 1832124, "theta": 243249, "low_alpha": 184212, "high_alpha": 52832, "alpha": 237044, "low_beta": 33411, "high_beta": 40272, "beta": 73683, "low_gamma": 42495, "mid_gamma": 15454, "gamma": 57949, "rank": 97, "value": 92.0, "hr": 92.0, "unit": "bpm", "interpolated_fields": "", "image_expected_filename": "2026-07-17_13-12-26.jpg", "spectrogram": "spectrogram/2026-07-17_13-12-26.jpg"}}, {"type": "Feature", "id": 196, "geometry": {"type": "Point", "coordinates": [113.994714, 22.593365]}, "properties": {"city": "venice", "timestamp": "2026-07-17 13:12:36", "image": "extracted_frames/2026-07-17_13-12-36.jpg", "audio": "", "event_mark": "", "heart_rate": 97.0, "rr": 597.0, "temperature": 36.9, "attention": 77.0, "relaxation": 69.0, "sync_rate": 23.0, "mental_effort": -14.0, "familarity": 8.0, "pitch": 12.0, "yaw": -126.0, "roll": 0.0, "delta": 118736, "theta": 16041, "low_alpha": 27657, "high_alpha": 49112, "alpha": 76769, "low_beta": 11483, "high_beta": 53787, "beta": 65270, "low_gamma": 25041, "mid_gamma": 8727, "gamma": 33768, "rank": 98, "value": 97.0, "hr": 97.0, "unit": "bpm", "interpolated_fields": "", "image_expected_filename": "2026-07-17_13-12-36.jpg", "spectrogram": "spectrogram/2026-07-17_13-12-36.jpg"}}, {"type": "Feature", "id": 198, "geometry": {"type": "Point", "coordinates": [113.994818, 22.593377]}, "properties": {"city": "venice", "timestamp": "2026-07-17 13:12:46", "image": "extracted_frames/2026-07-17_13-12-46.jpg", "audio": "", "event_mark": "", "heart_rate": 98.0, "rr": 623.333, "temperature": 36.9, "attention": 78.0, "relaxation": 40.0, "sync_rate": 33.0, "mental_effort": -37.0, "familarity": -32.0, "pitch": -12.0, "yaw": -96.0, "roll": -4.0, "delta": 228191, "theta": 258397, "low_alpha": 18238, "high_alpha": 6460, "alpha": 24698, "low_beta": 22921, "high_beta": 81897, "beta": 104818, "low_gamma": 64608, "mid_gamma": 20041, "gamma": 84649, "rank": 99, "value": 98.0, "hr": 98.0, "unit": "bpm", "interpolated_fields": "", "image_expected_filename": "2026-07-17_13-12-46.jpg", "spectrogram": "spectrogram/2026-07-17_13-12-46.jpg"}}, {"type": "Feature", "id": 200, "geometry": {"type": "Point", "coordinates": [113.994922, 22.59339]}, "properties": {"city": "venice", "timestamp": "2026-07-17 13:12:56", "image": "extracted_frames/2026-07-17_13-12-56.jpg", "audio": "", "event_mark": "", "heart_rate": 97.0, "rr": 598.0, "temperature": 37.0, "attention": 44.0, "relaxation": 74.0, "sync_rate": 42.0, "mental_effort": -32.0, "familarity": 12.0, "pitch": 25.0, "yaw": -79.0, "roll": -9.0, "delta": 33949, "theta": 24507, "low_alpha": 10788, "high_alpha": 19309, "alpha": 30097, "low_beta": 15015, "high_beta": 3755, "beta": 18770, "low_gamma": 13584, "mid_gamma": 4172, "gamma": 17756, "rank": 100, "value": 97.0, "hr": 97.0, "unit": "bpm", "interpolated_fields": "", "image_expected_filename": "2026-07-17_13-12-56.jpg", "spectrogram": "spectrogram/2026-07-17_13-12-56.jpg"}}, {"type": "Feature", "id": 202, "geometry": {"type": "Point", "coordinates": [113.995019, 22.593406]}, "properties": {"city": "venice", "timestamp": "2026-07-17 13:13:06", "image": "extracted_frames/2026-07-17_13-13-06.jpg", "audio": "", "event_mark": "", "heart_rate": 100.0, "rr": 611.0, "temperature": 37.0, "attention": 57.0, "relaxation": 80.0, "sync_rate": 44.0, "mental_effort": -11.0, "familarity": -14.0, "pitch": 18.0, "yaw": -24.0, "roll": 0.0, "delta": 520111, "theta": 120395, "low_alpha": 50483, "high_alpha": 16699, "alpha": 67182, "low_beta": 9286, "high_beta": 18496, "beta": 27782, "low_gamma": 9140, "mid_gamma": 5235, "gamma": 14375, "rank": 101, "value": 100.0, "hr": 100.0, "unit": "bpm", "interpolated_fields": "rr", "image_expected_filename": "2026-07-17_13-13-06.jpg", "spectrogram": "spectrogram/2026-07-17_13-13-06.jpg"}}, {"type": "Feature", "id": 204, "geometry": {"type": "Point", "coordinates": [113.995108, 22.593426]}, "properties": {"city": "venice", "timestamp": "2026-07-17 13:13:16", "image": "extracted_frames/2026-07-17_13-13-16.jpg", "audio": "", "event_mark": "", "heart_rate": 97.0, "rr": 595.0, "temperature": 36.9, "attention": 40.0, "relaxation": 50.0, "sync_rate": 59.0, "mental_effort": 24.0, "familarity": 7.0, "pitch": 0.0, "yaw": 23.0, "roll": -8.0, "delta": 40967, "theta": 19515, "low_alpha": 9154, "high_alpha": 7855, "alpha": 17009, "low_beta": 4705, "high_beta": 12358, "beta": 17063, "low_gamma": 13175, "mid_gamma": 5591, "gamma": 18766, "rank": 102, "value": 97.0, "hr": 97.0, "unit": "bpm", "interpolated_fields": "", "image_expected_filename": "2026-07-17_13-13-16.jpg", "spectrogram": "spectrogram/2026-07-17_13-13-16.jpg"}}, {"type": "Feature", "id": 206, "geometry": {"type": "Point", "coordinates": [113.995197, 22.593446]}, "properties": {"city": "venice", "timestamp": "2026-07-17 13:13:26", "image": "extracted_frames/2026-07-17_13-13-26.jpg", "audio": "", "event_mark": "", "heart_rate": 96.0, "rr": 615.0, "temperature": 37.0, "attention": 67.0, "relaxation": 54.0, "sync_rate": 64.0, "mental_effort": 2.0, "familarity": 10.0, "pitch": 14.0, "yaw": 74.0, "roll": -14.0, "delta": 462922, "theta": 76233, "low_alpha": 57274, "high_alpha": 23897, "alpha": 81171, "low_beta": 27742, "high_beta": 35978, "beta": 63720, "low_gamma": 41593, "mid_gamma": 24160, "gamma": 65753, "rank": 103, "value": 96.0, "hr": 96.0, "unit": "bpm", "interpolated_fields": "", "image_expected_filename": "2026-07-17_13-13-26.jpg", "spectrogram": "spectrogram/2026-07-17_13-13-26.jpg"}}, {"type": "Feature", "id": 208, "geometry": {"type": "Point", "coordinates": [113.995286, 22.593466]}, "properties": {"city": "venice", "timestamp": "2026-07-17 13:13:36", "image": "extracted_frames/2026-07-17_13-13-36.jpg", "audio": "", "event_mark": "", "heart_rate": 94.0, "rr": 644.0, "temperature": 37.0, "attention": 44.0, "relaxation": 34.0, "sync_rate": 59.0, "mental_effort": -21.0, "familarity": 4.0, "pitch": 19.0, "yaw": 99.0, "roll": -8.0, "delta": 379714, "theta": 411307, "low_alpha": 16566, "high_alpha": 33906, "alpha": 50472, "low_beta": 47790, "high_beta": 67623, "beta": 115413, "low_gamma": 35359, "mid_gamma": 9772, "gamma": 45131, "rank": 104, "value": 94.0, "hr": 94.0, "unit": "bpm", "interpolated_fields": "", "image_expected_filename": "2026-07-17_13-13-36.jpg", "spectrogram": "spectrogram/2026-07-17_13-13-36.jpg"}}, {"type": "Feature", "id": 210, "geometry": {"type": "Point", "coordinates": [113.995375, 22.593486]}, "properties": {"city": "venice", "timestamp": "2026-07-17 13:13:46", "image": "extracted_frames/2026-07-17_13-13-46.jpg", "audio": "", "event_mark": "", "heart_rate": 91.0, "rr": 625.266, "temperature": 37.0, "attention": 56.0, "relaxation": 56.0, "sync_rate": 57.0, "mental_effort": -3.0, "familarity": 13.0, "pitch": -1.0, "yaw": 156.0, "roll": -7.0, "delta": 553875, "theta": 257347, "low_alpha": 55108, "high_alpha": 50933, "alpha": 106041, "low_beta": 38418, "high_beta": 67831, "beta": 106249, "low_gamma": 28957, "mid_gamma": 29414, "gamma": 58371, "rank": 105, "value": 91.0, "hr": 91.0, "unit": "bpm", "interpolated_fields": "rr", "image_expected_filename": "2026-07-17_13-13-46.jpg", "spectrogram": "spectrogram/2026-07-17_13-13-46.jpg"}}, {"type": "Feature", "id": 212, "geometry": {"type": "Point", "coordinates": [113.995464, 22.593506]}, "properties": {"city": "venice", "timestamp": "2026-07-17 13:13:56", "image": "extracted_frames/2026-07-17_13-13-56.jpg", "audio": "", "event_mark": "", "heart_rate": 94.0, "rr": 633.0, "temperature": 37.0, "attention": 53.0, "relaxation": 66.0, "sync_rate": 62.0, "mental_effort": -1.0, "familarity": 14.0, "pitch": 17.0, "yaw": -168.0, "roll": -5.0, "delta": 238103, "theta": 207622, "low_alpha": 89282, "high_alpha": 36944, "alpha": 126226, "low_beta": 10602, "high_beta": 39674, "beta": 50276, "low_gamma": 30632, "mid_gamma": 5814, "gamma": 36446, "rank": 106, "value": 94.0, "hr": 94.0, "unit": "bpm", "interpolated_fields": "", "image_expected_filename": "2026-07-17_13-13-56.jpg", "spectrogram": "spectrogram/2026-07-17_13-13-56.jpg"}}, {"type": "Feature", "id": 214, "geometry": {"type": "Point", "coordinates": [113.995553, 22.593531]}, "properties": {"city": "venice", "timestamp": "2026-07-17 13:14:06", "image": "extracted_frames/2026-07-17_13-14-06.jpg", "audio": "", "event_mark": "", "heart_rate": 95.0, "rr": 592.6, "temperature": 37.0, "attention": 34.0, "relaxation": 54.0, "sync_rate": 64.0, "mental_effort": 7.0, "familarity": 17.0, "pitch": -12.0, "yaw": -139.0, "roll": 1.0, "delta": 357344, "theta": 15350, "low_alpha": 3999, "high_alpha": 9274, "alpha": 13273, "low_beta": 11037, "high_beta": 6404, "beta": 17441, "low_gamma": 18428, "mid_gamma": 2451, "gamma": 20879, "rank": 107, "value": 95.0, "hr": 95.0, "unit": "bpm", "interpolated_fields": "", "image_expected_filename": "2026-07-17_13-14-06.jpg", "spectrogram": "spectrogram/2026-07-17_13-14-06.jpg"}}, {"type": "Feature", "id": 216, "geometry": {"type": "Point", "coordinates": [113.995644, 22.593569]}, "properties": {"city": "venice", "timestamp": "2026-07-17 13:14:16", "image": "extracted_frames/2026-07-17_13-14-16.jpg", "audio": "", "event_mark": "", "heart_rate": 100.0, "rr": 596.5, "temperature": 37.0, "attention": 44.0, "relaxation": 47.0, "sync_rate": 71.0, "mental_effort": -17.0, "familarity": 10.0, "pitch": 20.0, "yaw": -49.0, "roll": -33.0, "delta": 132866, "theta": 77753, "low_alpha": 5381, "high_alpha": 5998, "alpha": 11379, "low_beta": 22866, "high_beta": 21037, "beta": 43903, "low_gamma": 8408, "mid_gamma": 2976, "gamma": 11384, "rank": 108, "value": 100.0, "hr": 100.0, "unit": "bpm", "interpolated_fields": "", "image_expected_filename": "2026-07-17_13-14-16.jpg", "spectrogram": "spectrogram/2026-07-17_13-14-16.jpg"}}, {"type": "Feature", "id": 218, "geometry": {"type": "Point", "coordinates": [113.995736, 22.593606]}, "properties": {"city": "venice", "timestamp": "2026-07-17 13:14:26", "image": "extracted_frames/2026-07-17_13-14-26.jpg", "audio": "", "event_mark": "", "heart_rate": 98.5, "rr": 593.556, "temperature": 37.0, "attention": 63.0, "relaxation": 55.0, "sync_rate": 69.5, "mental_effort": -27.5, "familarity": 8.0, "pitch": 7.0, "yaw": -54.5, "roll": -11.0, "delta": 235292, "theta": 139450, "low_alpha": 15810, "high_alpha": 20178, "alpha": 35988, "low_beta": 39026, "high_beta": 30279, "beta": 69304, "low_gamma": 30450, "mid_gamma": 25678, "gamma": 56127, "rank": 109, "value": 98.5, "hr": 98.5, "unit": "bpm", "interpolated_fields": "rr, attention, relaxation, delta, theta, low_alpha, high_alpha, low_beta, high_beta, low_gamma, mid_gamma, pitch, yaw, roll, sync_rate, mental_effort, familarity, temperature, heart_rate", "image_expected_filename": "2026-07-17_13-14-26.jpg", "spectrogram": "spectrogram/2026-07-17_13-14-26.jpg"}}, {"type": "Feature", "id": 220, "geometry": {"type": "Point", "coordinates": [113.995827, 22.593643]}, "properties": {"city": "venice", "timestamp": "2026-07-17 13:14:36", "image": "extracted_frames/2026-07-17_13-14-36.jpg", "audio": "", "event_mark": "", "heart_rate": 99.0, "rr": 612.75, "temperature": 37.0, "attention": 17.0, "relaxation": 48.0, "sync_rate": 58.0, "mental_effort": -37.0, "familarity": 2.0, "pitch": 30.0, "yaw": -14.0, "roll": -13.0, "delta": 230712, "theta": 76496, "low_alpha": 6050, "high_alpha": 6561, "alpha": 12611, "low_beta": 5527, "high_beta": 1996, "beta": 7523, "low_gamma": 5722, "mid_gamma": 3305, "gamma": 9027, "rank": 110, "value": 99.0, "hr": 99.0, "unit": "bpm", "interpolated_fields": "rr", "image_expected_filename": "2026-07-17_13-14-36.jpg", "spectrogram": "spectrogram/2026-07-17_13-14-36.jpg"}}, {"type": "Feature", "id": 222, "geometry": {"type": "Point", "coordinates": [113.995918, 22.593681]}, "properties": {"city": "venice", "timestamp": "2026-07-17 13:14:46", "image": "extracted_frames/2026-07-17_13-14-46.jpg", "audio": "", "event_mark": "", "heart_rate": 97.0, "rr": 658.4, "temperature": 37.0, "attention": 77.0, "relaxation": 48.0, "sync_rate": 35.0, "mental_effort": -20.0, "familarity": -20.0, "pitch": 7.0, "yaw": 16.0, "roll": -11.0, "delta": 72596, "theta": 28883, "low_alpha": 5923, "high_alpha": 8183, "alpha": 14106, "low_beta": 21033, "high_beta": 28398, "beta": 49431, "low_gamma": 14663, "mid_gamma": 6446, "gamma": 21109, "rank": 111, "value": 97.0, "hr": 97.0, "unit": "bpm", "interpolated_fields": "", "image_expected_filename": "2026-07-17_13-14-46.jpg", "spectrogram": "spectrogram/2026-07-17_13-14-46.jpg"}}, {"type": "Feature", "id": 224, "geometry": {"type": "Point", "coordinates": [113.996009, 22.593718]}, "properties": {"city": "venice", "timestamp": "2026-07-17 13:14:56", "image": "extracted_frames/2026-07-17_13-14-56.jpg", "audio": "", "event_mark": "", "heart_rate": 92.0, "rr": 647.0, "temperature": 37.0, "attention": 43.0, "relaxation": 57.0, "sync_rate": 53.0, "mental_effort": -13.0, "familarity": 6.0, "pitch": 11.0, "yaw": 48.0, "roll": -9.0, "delta": 58197, "theta": 91384, "low_alpha": 53088, "high_alpha": 24461, "alpha": 77549, "low_beta": 18601, "high_beta": 34934, "beta": 53535, "low_gamma": 41445, "mid_gamma": 12269, "gamma": 53714, "rank": 112, "value": 92.0, "hr": 92.0, "unit": "bpm", "interpolated_fields": "", "image_expected_filename": "2026-07-17_13-14-56.jpg", "spectrogram": "spectrogram/2026-07-17_13-14-56.jpg"}}, {"type": "Feature", "id": 226, "geometry": {"type": "Point", "coordinates": [113.996115, 22.593722]}, "properties": {"city": "venice", "timestamp": "2026-07-17 13:15:06", "image": "extracted_frames/2026-07-17_13-15-06.jpg", "audio": "", "event_mark": "跨过一个大水流", "heart_rate": 92.0, "rr": 618.333, "temperature": 37.0, "attention": 51.0, "relaxation": 75.0, "sync_rate": 80.0, "mental_effort": 12.0, "familarity": 12.0, "pitch": 19.0, "yaw": 103.0, "roll": -10.0, "delta": 922700, "theta": 406940, "low_alpha": 95785, "high_alpha": 105593, "alpha": 201378, "low_beta": 7280, "high_beta": 107239, "beta": 114519, "low_gamma": 76647, "mid_gamma": 71884, "gamma": 148531, "rank": 113, "value": 92.0, "hr": 92.0, "unit": "bpm", "interpolated_fields": "rr", "image_expected_filename": "2026-07-17_13-15-06.jpg", "spectrogram": "spectrogram/2026-07-17_13-15-06.jpg"}}, {"type": "Feature", "id": 228, "geometry": {"type": "Point", "coordinates": [113.996218, 22.593733]}, "properties": {"city": "venice", "timestamp": "2026-07-17 13:15:16", "image": "extracted_frames/2026-07-17_13-15-16.jpg", "audio": "", "event_mark": "", "heart_rate": 96.0, "rr": 562.667, "temperature": 37.0, "attention": 37.0, "relaxation": 51.0, "sync_rate": 67.0, "mental_effort": 3.0, "familarity": 14.0, "pitch": 23.0, "yaw": 148.0, "roll": 0.0, "delta": 201304, "theta": 69626, "low_alpha": 24694, "high_alpha": 18458, "alpha": 43152, "low_beta": 2129, "high_beta": 11219, "beta": 13348, "low_gamma": 2648, "mid_gamma": 6191, "gamma": 8839, "rank": 114, "value": 96.0, "hr": 96.0, "unit": "bpm", "interpolated_fields": "", "image_expected_filename": "2026-07-17_13-15-16.jpg", "spectrogram": "spectrogram/2026-07-17_13-15-16.jpg"}}, {"type": "Feature", "id": 230, "geometry": {"type": "Point", "coordinates": [113.996291, 22.593803]}, "properties": {"city": "venice", "timestamp": "2026-07-17 13:15:26", "image": "extracted_frames/2026-07-17_13-15-26.jpg", "audio": "", "event_mark": "", "heart_rate": 102.0, "rr": 616.067, "temperature": 37.0, "attention": 41.0, "relaxation": 54.0, "sync_rate": 71.0, "mental_effort": 1.0, "familarity": 8.0, "pitch": 10.0, "yaw": 177.0, "roll": -11.0, "delta": 2809782, "theta": 196656, "low_alpha": 92145, "high_alpha": 19268, "alpha": 111413, "low_beta": 58896, "high_beta": 116682, "beta": 175578, "low_gamma": 118118, "mid_gamma": 36617, "gamma": 154735, "rank": 115, "value": 102.0, "hr": 102.0, "unit": "bpm", "interpolated_fields": "rr", "image_expected_filename": "2026-07-17_13-15-26.jpg", "spectrogram": "spectrogram/2026-07-17_13-15-26.jpg"}}, {"type": "Feature", "id": 232, "geometry": {"type": "Point", "coordinates": [113.996361, 22.593873]}, "properties": {"city": "venice", "timestamp": "2026-07-17 13:15:36", "image": "extracted_frames/2026-07-17_13-15-36.jpg", "audio": "", "event_mark": "", "heart_rate": 96.0, "rr": 614.0, "temperature": 37.0, "attention": 83.0, "relaxation": 48.0, "sync_rate": 49.0, "mental_effort": -2.0, "familarity": 5.0, "pitch": 0.0, "yaw": -122.0, "roll": -11.0, "delta": 32155, "theta": 24534, "low_alpha": 7921, "high_alpha": 31837, "alpha": 39758, "low_beta": 7692, "high_beta": 29228, "beta": 36920, "low_gamma": 27563, "mid_gamma": 4064, "gamma": 31627, "rank": 116, "value": 96.0, "hr": 96.0, "unit": "bpm", "interpolated_fields": "", "image_expected_filename": "2026-07-17_13-15-36.jpg", "spectrogram": "spectrogram/2026-07-17_13-15-36.jpg"}}, {"type": "Feature", "id": 234, "geometry": {"type": "Point", "coordinates": [113.996471, 22.593925]}, "properties": {"city": "venice", "timestamp": "2026-07-17 13:15:46", "image": "extracted_frames/2026-07-17_13-15-46.jpg", "audio": "", "event_mark": "", "heart_rate": 96.0, "rr": 617.667, "temperature": 37.0, "attention": 64.0, "relaxation": 69.0, "sync_rate": 55.0, "mental_effort": -34.0, "familarity": -18.0, "pitch": 18.0, "yaw": -96.0, "roll": 0.0, "delta": 13577, "theta": 5085, "low_alpha": 1627, "high_alpha": 4001, "alpha": 5628, "low_beta": 1697, "high_beta": 4043, "beta": 5740, "low_gamma": 813, "mid_gamma": 1067, "gamma": 1880, "rank": 117, "value": 96.0, "hr": 96.0, "unit": "bpm", "interpolated_fields": "", "image_expected_filename": "2026-07-17_13-15-46.jpg", "spectrogram": "spectrogram/2026-07-17_13-15-46.jpg"}}, {"type": "Feature", "id": 236, "geometry": {"type": "Point", "coordinates": [113.996569, 22.593951]}, "properties": {"city": "venice", "timestamp": "2026-07-17 13:15:56", "image": "extracted_frames/2026-07-17_13-15-56.jpg", "audio": "", "event_mark": "", "heart_rate": 96.0, "rr": 623.75, "temperature": 37.1, "attention": 91.0, "relaxation": 51.0, "sync_rate": 58.0, "mental_effort": -9.0, "familarity": -2.0, "pitch": -53.0, "yaw": -57.0, "roll": 7.0, "delta": 17468, "theta": 29080, "low_alpha": 19645, "high_alpha": 9926, "alpha": 29571, "low_beta": 31949, "high_beta": 19536, "beta": 51485, "low_gamma": 18972, "mid_gamma": 24608, "gamma": 43580, "rank": 118, "value": 96.0, "hr": 96.0, "unit": "bpm", "interpolated_fields": "rr", "image_expected_filename": "2026-07-17_13-15-56.jpg", "spectrogram": "spectrogram/2026-07-17_13-15-56.jpg"}}, {"type": "Feature", "id": 238, "geometry": {"type": "Point", "coordinates": [113.996668, 22.593978]}, "properties": {"city": "venice", "timestamp": "2026-07-17 13:16:06", "image": "extracted_frames/2026-07-17_13-16-06.jpg", "audio": "", "event_mark": "", "heart_rate": 94.0, "rr": 625.0, "temperature": 37.1, "attention": 67.0, "relaxation": 80.0, "sync_rate": 55.0, "mental_effort": -29.0, "familarity": 14.0, "pitch": -4.0, "yaw": -1.0, "roll": -5.0, "delta": 81811, "theta": 39127, "low_alpha": 24212, "high_alpha": 30375, "alpha": 54587, "low_beta": 18955, "high_beta": 7212, "beta": 26167, "low_gamma": 10985, "mid_gamma": 4798, "gamma": 15783, "rank": 119, "value": 94.0, "hr": 94.0, "unit": "bpm", "interpolated_fields": "", "image_expected_filename": "2026-07-17_13-16-06.jpg", "spectrogram": "spectrogram/2026-07-17_13-16-06.jpg"}}, {"type": "Feature", "id": 240, "geometry": {"type": "Point", "coordinates": [113.996766, 22.594004]}, "properties": {"city": "venice", "timestamp": "2026-07-17 13:16:16", "image": "extracted_frames/2026-07-17_13-16-16.jpg", "audio": "", "event_mark": "", "heart_rate": 92.0, "rr": 625.5, "temperature": 37.0, "attention": 56.0, "relaxation": 60.0, "sync_rate": 54.0, "mental_effort": -14.0, "familarity": 2.0, "pitch": 1.0, "yaw": 46.0, "roll": -6.0, "delta": 267063, "theta": 105692, "low_alpha": 10095, "high_alpha": 6531, "alpha": 16626, "low_beta": 1871, "high_beta": 6776, "beta": 8647, "low_gamma": 2522, "mid_gamma": 5983, "gamma": 8505, "rank": 120, "value": 92.0, "hr": 92.0, "unit": "bpm", "interpolated_fields": "rr", "image_expected_filename": "2026-07-17_13-16-16.jpg", "spectrogram": "spectrogram/2026-07-17_13-16-16.jpg"}}, {"type": "Feature", "id": 242, "geometry": {"type": "Point", "coordinates": [113.996861, 22.594031]}, "properties": {"city": "venice", "timestamp": "2026-07-17 13:16:26", "image": "extracted_frames/2026-07-17_13-16-26.jpg", "audio": "", "event_mark": "", "heart_rate": 92.0, "rr": 618.417, "temperature": 37.0, "attention": 61.0, "relaxation": 61.0, "sync_rate": 79.0, "mental_effort": -3.0, "familarity": -33.0, "pitch": -3.0, "yaw": 87.0, "roll": -7.0, "delta": 1008170, "theta": 75625, "low_alpha": 14538, "high_alpha": 9217, "alpha": 23755, "low_beta": 7415, "high_beta": 19722, "beta": 27137, "low_gamma": 25492, "mid_gamma": 13733, "gamma": 39225, "rank": 121, "value": 92.0, "hr": 92.0, "unit": "bpm", "interpolated_fields": "rr", "image_expected_filename": "2026-07-17_13-16-26.jpg", "spectrogram": "spectrogram/2026-07-17_13-16-26.jpg"}}, {"type": "Feature", "id": 244, "geometry": {"type": "Point", "coordinates": [113.996946, 22.594061]}, "properties": {"city": "venice", "timestamp": "2026-07-17 13:16:36", "image": "extracted_frames/2026-07-17_13-16-36.jpg", "audio": "", "event_mark": "", "heart_rate": 94.0, "rr": 597.533, "temperature": 37.0, "attention": 51.0, "relaxation": 63.0, "sync_rate": 26.0, "mental_effort": 10.0, "familarity": 14.0, "pitch": 13.0, "yaw": 119.0, "roll": -6.0, "delta": 681317, "theta": 85478, "low_alpha": 61621, "high_alpha": 16149, "alpha": 77770, "low_beta": 6330, "high_beta": 36247, "beta": 42577, "low_gamma": 8296, "mid_gamma": 16566, "gamma": 24862, "rank": 122, "value": 94.0, "hr": 94.0, "unit": "bpm", "interpolated_fields": "rr", "image_expected_filename": "2026-07-17_13-16-36.jpg", "spectrogram": "spectrogram/2026-07-17_13-16-36.jpg"}}, {"type": "Feature", "id": 246, "geometry": {"type": "Point", "coordinates": [113.997044, 22.594086]}, "properties": {"city": "venice", "timestamp": "2026-07-17 13:16:46", "image": "extracted_frames/2026-07-17_13-16-46.jpg", "audio": "", "event_mark": "", "heart_rate": 97.0, "rr": 603.8, "temperature": 37.0, "attention": 29.0, "relaxation": 69.0, "sync_rate": 25.0, "mental_effort": -25.0, "familarity": 2.0, "pitch": 2.0, "yaw": 155.0, "roll": -5.0, "delta": 32839, "theta": 18348, "low_alpha": 5706, "high_alpha": 3016, "alpha": 8722, "low_beta": 1647, "high_beta": 1882, "beta": 3529, "low_gamma": 1573, "mid_gamma": 530, "gamma": 2103, "rank": 123, "value": 97.0, "hr": 97.0, "unit": "bpm", "interpolated_fields": "", "image_expected_filename": "2026-07-17_13-16-46.jpg", "spectrogram": "spectrogram/2026-07-17_13-16-46.jpg"}}, {"type": "Feature", "id": 248, "geometry": {"type": "Point", "coordinates": [113.997141, 22.594138]}, "properties": {"city": "venice", "timestamp": "2026-07-17 13:16:56", "image": "extracted_frames/2026-07-17_13-16-56.jpg", "audio": "", "event_mark": "", "heart_rate": 93.0, "rr": 639.0, "temperature": 37.0, "attention": 66.0, "relaxation": 43.0, "sync_rate": 31.0, "mental_effort": 0.0, "familarity": 1.0, "pitch": 1.0, "yaw": -156.0, "roll": -3.0, "delta": 613757, "theta": 261363, "low_alpha": 20582, "high_alpha": 28303, "alpha": 48885, "low_beta": 29441, "high_beta": 31718, "beta": 61159, "low_gamma": 13025, "mid_gamma": 3906, "gamma": 16931, "rank": 124, "value": 93.0, "hr": 93.0, "unit": "bpm", "interpolated_fields": "", "image_expected_filename": "2026-07-17_13-16-56.jpg", "spectrogram": "spectrogram/2026-07-17_13-16-56.jpg"}}, {"type": "Feature", "id": 250, "geometry": {"type": "Point", "coordinates": [113.997238, 22.59419]}, "properties": {"city": "venice", "timestamp": "2026-07-17 13:17:06", "image": "extracted_frames/2026-07-17_13-17-06.jpg", "audio": "", "event_mark": "", "heart_rate": 91.0, "rr": 630.667, "temperature": 36.9, "attention": 48.0, "relaxation": 87.0, "sync_rate": 51.0, "mental_effort": 34.0, "familarity": -8.0, "pitch": -9.0, "yaw": -135.0, "roll": -1.0, "delta": 1779678, "theta": 313692, "low_alpha": 133597, "high_alpha": 183039, "alpha": 316636, "low_beta": 68137, "high_beta": 49040, "beta": 117177, "low_gamma": 84360, "mid_gamma": 24591, "gamma": 108951, "rank": 125, "value": 91.0, "hr": 91.0, "unit": "bpm", "interpolated_fields": "", "image_expected_filename": "2026-07-17_13-17-06.jpg", "spectrogram": "spectrogram/2026-07-17_13-17-06.png"}}, {"type": "Feature", "id": 252, "geometry": {"type": "Point", "coordinates": [113.997335, 22.594242]}, "properties": {"city": "venice", "timestamp": "2026-07-17 13:17:16", "image": "extracted_frames/2026-07-17_13-17-16.jpg", "audio": "", "event_mark": "", "heart_rate": 93.0, "rr": 609.0, "temperature": 36.9, "attention": 34.0, "relaxation": 64.0, "sync_rate": 61.0, "mental_effort": -9.0, "familarity": 18.0, "pitch": 19.0, "yaw": -76.0, "roll": 0.0, "delta": 368888, "theta": 91942, "low_alpha": 8697, "high_alpha": 11697, "alpha": 20394, "low_beta": 2709, "high_beta": 8564, "beta": 11273, "low_gamma": 6842, "mid_gamma": 1402, "gamma": 8244, "rank": 126, "value": 93.0, "hr": 93.0, "unit": "bpm", "interpolated_fields": "", "image_expected_filename": "2026-07-17_13-17-16.jpg", "spectrogram": "spectrogram/2026-07-17_13-17-16.png"}}, {"type": "Feature", "id": 254, "geometry": {"type": "Point", "coordinates": [113.99743, 22.5943]}, "properties": {"city": "venice", "timestamp": "2026-07-17 13:17:26", "image": "extracted_frames/2026-07-17_13-17-26.jpg", "audio": "", "event_mark": "", "heart_rate": 99.0, "rr": 550.5, "temperature": 36.9, "attention": 50.0, "relaxation": 64.0, "sync_rate": 76.0, "mental_effort": 6.0, "familarity": 10.0, "pitch": -4.0, "yaw": -18.0, "roll": -21.0, "delta": 80831, "theta": 5246, "low_alpha": 1426, "high_alpha": 1098, "alpha": 2524, "low_beta": 1217, "high_beta": 2675, "beta": 3892, "low_gamma": 2554, "mid_gamma": 883, "gamma": 3437, "rank": 127, "value": 99.0, "hr": 99.0, "unit": "bpm", "interpolated_fields": "", "image_expected_filename": "2026-07-17_13-17-26.jpg", "spectrogram": "spectrogram/2026-07-17_13-17-26.png"}}, {"type": "Feature", "id": 256, "geometry": {"type": "Point", "coordinates": [113.997526, 22.594357]}, "properties": {"city": "venice", "timestamp": "2026-07-17 13:17:36", "image": "extracted_frames/2026-07-17_13-17-36.jpg", "audio": "", "event_mark": "", "heart_rate": 99.0, "rr": 639.0, "temperature": 36.9, "attention": 57.0, "relaxation": 75.0, "sync_rate": 33.0, "mental_effort": 5.0, "familarity": -6.0, "pitch": 0.0, "yaw": 0.0, "roll": 0.0, "delta": 115993, "theta": 31016, "low_alpha": 6164, "high_alpha": 20255, "alpha": 26419, "low_beta": 13824, "high_beta": 18425, "beta": 32249, "low_gamma": 8707, "mid_gamma": 2914, "gamma": 11621, "rank": 128, "value": 99.0, "hr": 99.0, "unit": "bpm", "interpolated_fields": "rr", "image_expected_filename": "2026-07-17_13-17-36.jpg", "spectrogram": "spectrogram/2026-07-17_13-17-36.png"}}, {"type": "Feature", "id": 258, "geometry": {"type": "Point", "coordinates": [113.997621, 22.594414]}, "properties": {"city": "venice", "timestamp": "2026-07-17 13:17:46", "image": "extracted_frames/2026-07-17_13-17-46.jpg", "audio": "", "event_mark": "", "heart_rate": 93.0, "rr": 627.5, "temperature": 36.9, "attention": 40.0, "relaxation": 57.0, "sync_rate": 50.0, "mental_effort": -1.0, "familarity": -9.0, "pitch": 4.0, "yaw": 22.0, "roll": -13.0, "delta": 1215795, "theta": 243144, "low_alpha": 40993, "high_alpha": 10838, "alpha": 51831, "low_beta": 38943, "high_beta": 102373, "beta": 141316, "low_gamma": 41182, "mid_gamma": 15361, "gamma": 56543, "rank": 129, "value": 93.0, "hr": 93.0, "unit": "bpm", "interpolated_fields": "", "image_expected_filename": "2026-07-17_13-17-46.jpg", "spectrogram": "spectrogram/2026-07-17_13-17-46.png"}}, {"type": "Feature", "id": 260, "geometry": {"type": "Point", "coordinates": [113.997718, 22.594458]}, "properties": {"city": "venice", "timestamp": "2026-07-17 13:17:56", "image": "extracted_frames/2026-07-17_13-17-56.jpg", "audio": "", "event_mark": "", "heart_rate": 95.0, "rr": 612.417, "temperature": 36.8, "attention": 50.0, "relaxation": 75.0, "sync_rate": 53.0, "mental_effort": -6.0, "familarity": 16.0, "pitch": 12.0, "yaw": 69.0, "roll": -9.0, "delta": 322736, "theta": 62612, "low_alpha": 100096, "high_alpha": 8312, "alpha": 108408, "low_beta": 11577, "high_beta": 35300, "beta": 46877, "low_gamma": 15389, "mid_gamma": 7817, "gamma": 23206, "rank": 130, "value": 95.0, "hr": 95.0, "unit": "bpm", "interpolated_fields": "rr", "image_expected_filename": "2026-07-17_13-17-56.jpg", "spectrogram": "spectrogram/2026-07-17_13-17-56.png"}}, {"type": "Feature", "id": 262, "geometry": {"type": "Point", "coordinates": [113.997812, 22.59449]}, "properties": {"city": "venice", "timestamp": "2026-07-17 13:18:06", "image": "extracted_frames/2026-07-17_13-18-06.jpg", "audio": "", "event_mark": "", "heart_rate": 94.0, "rr": 612.5, "temperature": 36.8, "attention": 50.5, "relaxation": 69.0, "sync_rate": 60.0, "mental_effort": -33.5, "familarity": 5.5, "pitch": 13.0, "yaw": 114.0, "roll": -6.0, "delta": 46612, "theta": 33062, "low_alpha": 5008, "high_alpha": 1962, "alpha": 6969, "low_beta": 6204, "high_beta": 5278, "beta": 11483, "low_gamma": 4958, "mid_gamma": 3559, "gamma": 8517, "rank": 131, "value": 94.0, "hr": 94.0, "unit": "bpm", "interpolated_fields": "attention, relaxation, delta, theta, low_alpha, high_alpha, low_beta, high_beta, low_gamma, mid_gamma, pitch, yaw, roll, sync_rate, mental_effort, familarity, temperature, heart_rate", "image_expected_filename": "2026-07-17_13-18-06.jpg", "spectrogram": "spectrogram/2026-07-17_13-18-06.png"}}, {"type": "Feature", "id": 264, "geometry": {"type": "Point", "coordinates": [113.997912, 22.594534]}, "properties": {"city": "venice", "timestamp": "2026-07-17 13:18:16", "image": "extracted_frames/2026-07-17_13-18-16.jpg", "audio": "", "event_mark": "", "heart_rate": 97.0, "rr": 631.2, "temperature": 36.8, "attention": 84.0, "relaxation": 63.0, "sync_rate": 58.0, "mental_effort": -26.0, "familarity": -1.0, "pitch": 29.0, "yaw": 144.0, "roll": 0.0, "delta": 151658, "theta": 6744, "low_alpha": 4637, "high_alpha": 9496, "alpha": 14133, "low_beta": 15764, "high_beta": 46882, "beta": 62646, "low_gamma": 18327, "mid_gamma": 3198, "gamma": 21525, "rank": 132, "value": 97.0, "hr": 97.0, "unit": "bpm", "interpolated_fields": "rr", "image_expected_filename": "2026-07-17_13-18-16.jpg", "spectrogram": "spectrogram/2026-07-17_13-18-16.png"}}, {"type": "Feature", "id": 266, "geometry": {"type": "Point", "coordinates": [113.998028, 22.594576]}, "properties": {"city": "venice", "timestamp": "2026-07-17 13:18:26", "image": "extracted_frames/2026-07-17_13-18-26.jpg", "audio": "", "event_mark": "", "heart_rate": 95.0, "rr": 603.05, "temperature": 36.8, "attention": 70.0, "relaxation": 47.0, "sync_rate": 32.0, "mental_effort": -25.0, "familarity": 3.0, "pitch": 11.0, "yaw": -169.0, "roll": -5.0, "delta": 1983051, "theta": 1246981, "low_alpha": 22602, "high_alpha": 45086, "alpha": 67688, "low_beta": 91679, "high_beta": 74337, "beta": 166016, "low_gamma": 43913, "mid_gamma": 27490, "gamma": 71403, "rank": 133, "value": 95.0, "hr": 95.0, "unit": "bpm", "interpolated_fields": "rr", "image_expected_filename": "2026-07-17_13-18-26.jpg", "spectrogram": "spectrogram/2026-07-17_13-18-26.png"}}, {"type": "Feature", "id": 268, "geometry": {"type": "Point", "coordinates": [113.998119, 22.594627]}, "properties": {"city": "venice", "timestamp": "2026-07-17 13:18:36", "image": "extracted_frames/2026-07-17_13-18-36.jpg", "audio": "", "event_mark": "", "heart_rate": 96.0, "rr": 592.0, "temperature": 36.8, "attention": 88.0, "relaxation": 77.0, "sync_rate": 82.0, "mental_effort": 5.0, "familarity": -12.0, "pitch": 18.0, "yaw": -115.0, "roll": -3.0, "delta": 9976, "theta": 18436, "low_alpha": 11566, "high_alpha": 4082, "alpha": 15648, "low_beta": 10767, "high_beta": 15207, "beta": 25974, "low_gamma": 12368, "mid_gamma": 4814, "gamma": 17182, "rank": 134, "value": 96.0, "hr": 96.0, "unit": "bpm", "interpolated_fields": "", "image_expected_filename": "2026-07-17_13-18-36.jpg", "spectrogram": "spectrogram/2026-07-17_13-18-36.png"}}, {"type": "Feature", "id": 270, "geometry": {"type": "Point", "coordinates": [113.998203, 22.594681]}, "properties": {"city": "venice", "timestamp": "2026-07-17 13:18:46", "image": "extracted_frames/2026-07-17_13-18-46.jpg", "audio": "", "event_mark": "", "heart_rate": 95.0, "rr": 629.333, "temperature": 36.8, "attention": 50.0, "relaxation": 53.0, "sync_rate": 51.0, "mental_effort": -39.0, "familarity": 2.0, "pitch": 24.0, "yaw": -69.0, "roll": -14.0, "delta": 556666, "theta": 238696, "low_alpha": 61637, "high_alpha": 44009, "alpha": 105646, "low_beta": 5819, "high_beta": 20701, "beta": 26520, "low_gamma": 15840, "mid_gamma": 15313, "gamma": 31153, "rank": 135, "value": 95.0, "hr": 95.0, "unit": "bpm", "interpolated_fields": "", "image_expected_filename": "2026-07-17_13-18-46.jpg", "spectrogram": "spectrogram/2026-07-17_13-18-46.png"}}, {"type": "Feature", "id": 272, "geometry": {"type": "Point", "coordinates": [113.998288, 22.594735]}, "properties": {"city": "venice", "timestamp": "2026-07-17 13:18:56", "image": "extracted_frames/2026-07-17_13-18-56.jpg", "audio": "", "event_mark": "", "heart_rate": 96.0, "rr": 630.333, "temperature": 36.8, "attention": 61.0, "relaxation": 37.0, "sync_rate": 27.0, "mental_effort": 13.0, "familarity": -15.0, "pitch": -2.0, "yaw": -41.0, "roll": -13.0, "delta": 100916, "theta": 99491, "low_alpha": 7941, "high_alpha": 7058, "alpha": 14999, "low_beta": 10259, "high_beta": 26253, "beta": 36512, "low_gamma": 9617, "mid_gamma": 11379, "gamma": 20996, "rank": 136, "value": 96.0, "hr": 96.0, "unit": "bpm", "interpolated_fields": "", "image_expected_filename": "2026-07-17_13-18-56.jpg", "spectrogram": "spectrogram/2026-07-17_13-18-56.png"}}, {"type": "Feature", "id": 274, "geometry": {"type": "Point", "coordinates": [113.998393, 22.594761]}, "properties": {"city": "venice", "timestamp": "2026-07-17 13:19:06", "image": "extracted_frames/2026-07-17_13-19-06.jpg", "audio": "", "event_mark": "", "heart_rate": 98.0, "rr": 658.286, "temperature": 36.0, "attention": 27.0, "relaxation": 57.0, "sync_rate": 24.0, "mental_effort": 9.0, "familarity": 22.0, "pitch": 16.0, "yaw": 35.0, "roll": -16.0, "delta": 3631, "theta": 4202, "low_alpha": 1324, "high_alpha": 851, "alpha": 2175, "low_beta": 813, "high_beta": 1075, "beta": 1888, "low_gamma": 600, "mid_gamma": 228, "gamma": 828, "rank": 137, "value": 98.0, "hr": 98.0, "unit": "bpm", "interpolated_fields": "", "image_expected_filename": "2026-07-17_13-19-06.jpg", "spectrogram": "spectrogram/2026-07-17_13-19-06.png"}}, {"type": "Feature", "id": 276, "geometry": {"type": "Point", "coordinates": [113.998499, 22.594787]}, "properties": {"city": "venice", "timestamp": "2026-07-17 13:19:16", "image": "extracted_frames/2026-07-17_13-19-16.jpg", "audio": "", "event_mark": "", "heart_rate": 98.0, "rr": 615.0, "temperature": 36.1, "attention": 29.0, "relaxation": 84.0, "sync_rate": 56.0, "mental_effort": -9.0, "familarity": -1.0, "pitch": 15.0, "yaw": 112.0, "roll": -12.0, "delta": 83453, "theta": 6047, "low_alpha": 11788, "high_alpha": 4085, "alpha": 15873, "low_beta": 5961, "high_beta": 2467, "beta": 8428, "low_gamma": 834, "mid_gamma": 391, "gamma": 1225, "rank": 138, "value": 98.0, "hr": 98.0, "unit": "bpm", "interpolated_fields": "", "image_expected_filename": "2026-07-17_13-19-16.jpg", "spectrogram": "spectrogram/2026-07-17_13-19-16.png"}}, {"type": "Feature", "id": 278, "geometry": {"type": "Point", "coordinates": [113.998602, 22.594809]}, "properties": {"city": "venice", "timestamp": "2026-07-17 13:19:26", "image": "extracted_frames/2026-07-17_13-19-26.jpg", "audio": "", "event_mark": "", "heart_rate": 97.0, "rr": 642.5, "temperature": 36.2, "attention": 10.0, "relaxation": 50.0, "sync_rate": 75.0, "mental_effort": 2.0, "familarity": 7.0, "pitch": 29.0, "yaw": 117.0, "roll": -6.0, "delta": 335389, "theta": 87755, "low_alpha": 14025, "high_alpha": 18949, "alpha": 32974, "low_beta": 30465, "high_beta": 21844, "beta": 52309, "low_gamma": 24240, "mid_gamma": 15157, "gamma": 39397, "rank": 139, "value": 97.0, "hr": 97.0, "unit": "bpm", "interpolated_fields": "", "image_expected_filename": "2026-07-17_13-19-26.jpg", "spectrogram": "spectrogram/2026-07-17_13-19-26.png"}}, {"type": "Feature", "id": 280, "geometry": {"type": "Point", "coordinates": [113.998697, 22.59482]}, "properties": {"city": "venice", "timestamp": "2026-07-17 13:19:36", "image": "extracted_frames/2026-07-17_13-19-36.jpg", "audio": "", "event_mark": "", "heart_rate": 96.0, "rr": 616.5, "temperature": 36.4, "attention": 44.0, "relaxation": 81.0, "sync_rate": 68.0, "mental_effort": 6.0, "familarity": -8.0, "pitch": -5.0, "yaw": -165.0, "roll": 0.0, "delta": 403280, "theta": 32695, "low_alpha": 19062, "high_alpha": 46804, "alpha": 65866, "low_beta": 11492, "high_beta": 19210, "beta": 30702, "low_gamma": 11646, "mid_gamma": 10413, "gamma": 22059, "rank": 140, "value": 96.0, "hr": 96.0, "unit": "bpm", "interpolated_fields": "", "image_expected_filename": "2026-07-17_13-19-36.jpg", "spectrogram": "spectrogram/2026-07-17_13-19-36.png"}}, {"type": "Feature", "id": 282, "geometry": {"type": "Point", "coordinates": [113.99879, 22.594858]}, "properties": {"city": "venice", "timestamp": "2026-07-17 13:19:46", "image": "extracted_frames/2026-07-17_13-19-46.jpg", "audio": "", "event_mark": "", "heart_rate": 99.0, "rr": 583.5, "temperature": 36.4, "attention": 4.0, "relaxation": 63.0, "sync_rate": 63.0, "mental_effort": 7.0, "familarity": 15.0, "pitch": 7.0, "yaw": -137.0, "roll": -11.0, "delta": 637376, "theta": 81235, "low_alpha": 14133, "high_alpha": 8522, "alpha": 22655, "low_beta": 1758, "high_beta": 2610, "beta": 4368, "low_gamma": 2665, "mid_gamma": 2278, "gamma": 4943, "rank": 141, "value": 99.0, "hr": 99.0, "unit": "bpm", "interpolated_fields": "", "image_expected_filename": "2026-07-17_13-19-46.jpg", "spectrogram": "spectrogram/2026-07-17_13-19-46.png"}}, {"type": "Feature", "id": 284, "geometry": {"type": "Point", "coordinates": [113.998886, 22.594915]}, "properties": {"city": "venice", "timestamp": "2026-07-17 13:19:56", "image": "extracted_frames/2026-07-17_13-19-56.jpg", "audio": "", "event_mark": "", "heart_rate": 101.0, "rr": 601.0, "temperature": 36.5, "attention": 40.0, "relaxation": 57.0, "sync_rate": 31.0, "mental_effort": -28.0, "familarity": 14.0, "pitch": 39.0, "yaw": -135.0, "roll": -10.0, "delta": 416475, "theta": 78345, "low_alpha": 44922, "high_alpha": 78500, "alpha": 123422, "low_beta": 12229, "high_beta": 18640, "beta": 30869, "low_gamma": 17785, "mid_gamma": 11302, "gamma": 29087, "rank": 142, "value": 101.0, "hr": 101.0, "unit": "bpm", "interpolated_fields": "", "image_expected_filename": "2026-07-17_13-19-56.jpg", "spectrogram": "spectrogram/2026-07-17_13-19-56.png"}}, {"type": "Feature", "id": 286, "geometry": {"type": "Point", "coordinates": [113.998981, 22.594981]}, "properties": {"city": "venice", "timestamp": "2026-07-17 13:20:06", "image": "extracted_frames/2026-07-17_13-20-06.jpg", "audio": "", "event_mark": "", "heart_rate": 98.0, "rr": 607.0, "temperature": 36.5, "attention": 40.0, "relaxation": 57.0, "sync_rate": 48.0, "mental_effort": -30.0, "familarity": -10.0, "pitch": 19.0, "yaw": -99.0, "roll": -8.0, "delta": 108086, "theta": 9523, "low_alpha": 8883, "high_alpha": 13487, "alpha": 22370, "low_beta": 16098, "high_beta": 10465, "beta": 26563, "low_gamma": 7593, "mid_gamma": 1167, "gamma": 8760, "rank": 143, "value": 98.0, "hr": 98.0, "unit": "bpm", "interpolated_fields": "", "image_expected_filename": "2026-07-17_13-20-06.jpg", "spectrogram": "spectrogram/2026-07-17_13-20-06.png"}}, {"type": "Feature", "id": 288, "geometry": {"type": "Point", "coordinates": [113.999069, 22.595059]}, "properties": {"city": "venice", "timestamp": "2026-07-17 13:20:16", "image": "extracted_frames/2026-07-17_13-20-16.jpg", "audio": "", "event_mark": "", "heart_rate": 97.0, "rr": 621.5, "temperature": 36.5, "attention": 57.0, "relaxation": 53.0, "sync_rate": 22.0, "mental_effort": -29.0, "familarity": 14.0, "pitch": 7.0, "yaw": -130.0, "roll": -2.0, "delta": 86908, "theta": 19572, "low_alpha": 2752, "high_alpha": 9012, "alpha": 11764, "low_beta": 3172, "high_beta": 5177, "beta": 8349, "low_gamma": 3739, "mid_gamma": 2380, "gamma": 6119, "rank": 144, "value": 97.0, "hr": 97.0, "unit": "bpm", "interpolated_fields": "rr", "image_expected_filename": "2026-07-17_13-20-16.jpg", "spectrogram": "spectrogram/2026-07-17_13-20-16.png"}}, {"type": "Feature", "id": 290, "geometry": {"type": "Point", "coordinates": [113.999155, 22.595122]}, "properties": {"city": "venice", "timestamp": "2026-07-17 13:20:26", "image": "extracted_frames/2026-07-17_13-20-26.jpg", "audio": "", "event_mark": "", "heart_rate": 95.0, "rr": 626.917, "temperature": 36.5, "attention": 23.0, "relaxation": 63.0, "sync_rate": 60.0, "mental_effort": 9.0, "familarity": 7.0, "pitch": 3.0, "yaw": -97.0, "roll": -1.0, "delta": 585439, "theta": 242735, "low_alpha": 44780, "high_alpha": 10917, "alpha": 55697, "low_beta": 11489, "high_beta": 5847, "beta": 17336, "low_gamma": 11846, "mid_gamma": 8734, "gamma": 20580, "rank": 145, "value": 95.0, "hr": 95.0, "unit": "bpm", "interpolated_fields": "rr", "image_expected_filename": "2026-07-17_13-20-26.jpg", "spectrogram": "spectrogram/2026-07-17_13-20-26.png"}}, {"type": "Feature", "id": 292, "geometry": {"type": "Point", "coordinates": [113.999239, 22.59517]}, "properties": {"city": "venice", "timestamp": "2026-07-17 13:20:36", "image": "extracted_frames/2026-07-17_13-20-36.jpg", "audio": "", "event_mark": "", "heart_rate": 93.0, "rr": 630.0, "temperature": 36.5, "attention": 21.0, "relaxation": 51.0, "sync_rate": 38.0, "mental_effort": -26.0, "familarity": -25.0, "pitch": 15.0, "yaw": -47.0, "roll": -8.0, "delta": 428813, "theta": 109488, "low_alpha": 6369, "high_alpha": 43852, "alpha": 50221, "low_beta": 57528, "high_beta": 18399, "beta": 75927, "low_gamma": 13869, "mid_gamma": 9949, "gamma": 23818, "rank": 146, "value": 93.0, "hr": 93.0, "unit": "bpm", "interpolated_fields": "", "image_expected_filename": "2026-07-17_13-20-36.jpg", "spectrogram": "spectrogram/2026-07-17_13-20-36.png"}}, {"type": "Feature", "id": 294, "geometry": {"type": "Point", "coordinates": [113.999323, 22.595218]}, "properties": {"city": "venice", "timestamp": "2026-07-17 13:20:46", "image": "extracted_frames/2026-07-17_13-20-46.jpg", "audio": "", "event_mark": "", "heart_rate": 94.0, "rr": 626.0, "temperature": 36.5, "attention": 26.0, "relaxation": 56.0, "sync_rate": 63.0, "mental_effort": -36.0, "familarity": -10.0, "pitch": 21.0, "yaw": 8.0, "roll": -15.0, "delta": 1261125, "theta": 113243, "low_alpha": 15163, "high_alpha": 24039, "alpha": 39202, "low_beta": 8164, "high_beta": 8256, "beta": 16420, "low_gamma": 14416, "mid_gamma": 5994, "gamma": 20410, "rank": 147, "value": 94.0, "hr": 94.0, "unit": "bpm", "interpolated_fields": "", "image_expected_filename": "2026-07-17_13-20-46.jpg", "spectrogram": "spectrogram/2026-07-17_13-20-46.png"}}, {"type": "Feature", "id": 296, "geometry": {"type": "Point", "coordinates": [113.999329, 22.595286]}, "properties": {"city": "venice", "timestamp": "2026-07-17 13:20:56", "image": "extracted_frames/2026-07-17_13-20-56.jpg", "audio": "", "event_mark": "", "heart_rate": 95.0, "rr": 612.5, "temperature": 36.5, "attention": 14.0, "relaxation": 60.0, "sync_rate": 44.0, "mental_effort": -5.0, "familarity": 4.0, "pitch": 4.0, "yaw": 38.0, "roll": -7.0, "delta": 197128, "theta": 52088, "low_alpha": 3382, "high_alpha": 1915, "alpha": 5297, "low_beta": 1421, "high_beta": 1036, "beta": 2457, "low_gamma": 1777, "mid_gamma": 469, "gamma": 2246, "rank": 148, "value": 95.0, "hr": 95.0, "unit": "bpm", "interpolated_fields": "rr", "image_expected_filename": "2026-07-17_13-20-56.jpg", "spectrogram": "spectrogram/2026-07-17_13-20-56.png"}}, {"type": "Feature", "id": 298, "geometry": {"type": "Point", "coordinates": [113.999282, 22.595367]}, "properties": {"city": "venice", "timestamp": "2026-07-17 13:21:06", "image": "extracted_frames/2026-07-17_13-21-06.jpg", "audio": "", "event_mark": "", "heart_rate": 101.0, "rr": 612.5, "temperature": 36.5, "attention": 17.0, "relaxation": 77.0, "sync_rate": 48.0, "mental_effort": -30.0, "familarity": -10.0, "pitch": 12.0, "yaw": 71.0, "roll": -5.0, "delta": 1517219, "theta": 304496, "low_alpha": 7077, "high_alpha": 161926, "alpha": 169003, "low_beta": 43067, "high_beta": 31301, "beta": 74368, "low_gamma": 47301, "mid_gamma": 24835, "gamma": 72136, "rank": 149, "value": 101.0, "hr": 101.0, "unit": "bpm", "interpolated_fields": "rr", "image_expected_filename": "2026-07-17_13-21-06.jpg", "spectrogram": "spectrogram/2026-07-17_13-21-06.png"}}, {"type": "Feature", "id": 300, "geometry": {"type": "Point", "coordinates": [113.999223, 22.595445]}, "properties": {"city": "venice", "timestamp": "2026-07-17 13:21:16", "image": "extracted_frames/2026-07-17_13-21-16.jpg", "audio": "", "event_mark": "", "heart_rate": 102.0, "rr": 612.5, "temperature": 36.6, "attention": 37.0, "relaxation": 74.0, "sync_rate": 58.0, "mental_effort": -22.0, "familarity": 1.0, "pitch": -11.0, "yaw": 144.0, "roll": -10.0, "delta": 275257, "theta": 6687, "low_alpha": 4484, "high_alpha": 24348, "alpha": 28832, "low_beta": 10748, "high_beta": 16510, "beta": 27258, "low_gamma": 13829, "mid_gamma": 2273, "gamma": 16102, "rank": 150, "value": 102.0, "hr": 102.0, "unit": "bpm", "interpolated_fields": "rr", "image_expected_filename": "2026-07-17_13-21-16.jpg", "spectrogram": "spectrogram/2026-07-17_13-21-16.png"}}, {"type": "Feature", "id": 302, "geometry": {"type": "Point", "coordinates": [113.999151, 22.595521]}, "properties": {"city": "venice", "timestamp": "2026-07-17 13:21:26", "image": "extracted_frames/2026-07-17_13-21-26.jpg", "audio": "", "event_mark": "", "heart_rate": 97.0, "rr": 612.5, "temperature": 36.6, "attention": 50.0, "relaxation": 64.0, "sync_rate": 63.0, "mental_effort": -21.0, "familarity": -5.0, "pitch": 5.0, "yaw": 175.0, "roll": -8.0, "delta": 1037421, "theta": 204180, "low_alpha": 68178, "high_alpha": 16199, "alpha": 84377, "low_beta": 33578, "high_beta": 30053, "beta": 63631, "low_gamma": 16030, "mid_gamma": 9494, "gamma": 25524, "rank": 151, "value": 97.0, "hr": 97.0, "unit": "bpm", "interpolated_fields": "rr", "image_expected_filename": "2026-07-17_13-21-26.jpg", "spectrogram": "spectrogram/2026-07-17_13-21-26.png"}}, {"type": "Feature", "id": 304, "geometry": {"type": "Point", "coordinates": [113.999079, 22.595598]}, "properties": {"city": "venice", "timestamp": "2026-07-17 13:21:36", "image": "extracted_frames/2026-07-17_13-21-36.jpg", "audio": "", "event_mark": "", "heart_rate": 92.0, "rr": 612.5, "temperature": 36.6, "attention": 26.0, "relaxation": 54.0, "sync_rate": 43.0, "mental_effort": -25.0, "familarity": -18.0, "pitch": 20.0, "yaw": -134.0, "roll": -9.0, "delta": 368455, "theta": 11189, "low_alpha": 1141, "high_alpha": 780, "alpha": 1921, "low_beta": 1964, "high_beta": 1445, "beta": 3409, "low_gamma": 3365, "mid_gamma": 1768, "gamma": 5133, "rank": 152, "value": 92.0, "hr": 92.0, "unit": "bpm", "interpolated_fields": "rr", "image_expected_filename": "2026-07-17_13-21-36.jpg", "spectrogram": "spectrogram/2026-07-17_13-21-36.png"}}, {"type": "Feature", "id": 306, "geometry": {"type": "Point", "coordinates": [113.999006, 22.595674]}, "properties": {"city": "venice", "timestamp": "2026-07-17 13:21:46", "image": "extracted_frames/2026-07-17_13-21-46.jpg", "audio": "", "event_mark": "", "heart_rate": 93.0, "rr": 612.5, "temperature": 36.6, "attention": 1.0, "relaxation": 61.0, "sync_rate": 24.0, "mental_effort": 14.0, "familarity": -4.0, "pitch": 9.0, "yaw": -108.0, "roll": 0.0, "delta": 143460, "theta": 95167, "low_alpha": 25925, "high_alpha": 1781, "alpha": 27706, "low_beta": 2687, "high_beta": 7299, "beta": 9986, "low_gamma": 11572, "mid_gamma": 3028, "gamma": 14600, "rank": 153, "value": 93.0, "hr": 93.0, "unit": "bpm", "interpolated_fields": "rr", "image_expected_filename": "2026-07-17_13-21-46.jpg", "spectrogram": "spectrogram/2026-07-17_13-21-46.png"}}, {"type": "Feature", "id": 308, "geometry": {"type": "Point", "coordinates": [113.999005, 22.595784]}, "properties": {"city": "venice", "timestamp": "2026-07-17 13:21:56", "image": "extracted_frames/2026-07-17_13-21-56.jpg", "audio": "", "event_mark": "", "heart_rate": 92.0, "rr": 612.5, "temperature": 36.6, "attention": 60.0, "relaxation": 80.0, "sync_rate": 81.0, "mental_effort": -28.0, "familarity": -11.0, "pitch": 11.0, "yaw": -64.0, "roll": -4.0, "delta": 382061, "theta": 14354, "low_alpha": 9758, "high_alpha": 22019, "alpha": 31777, "low_beta": 4845, "high_beta": 15715, "beta": 20560, "low_gamma": 7728, "mid_gamma": 2269, "gamma": 9997, "rank": 154, "value": 92.0, "hr": 92.0, "unit": "bpm", "interpolated_fields": "rr", "image_expected_filename": "2026-07-17_13-21-56.jpg", "spectrogram": "spectrogram/2026-07-17_13-21-56.png"}}, {"type": "Feature", "id": 310, "geometry": {"type": "Point", "coordinates": [113.999054, 22.595893]}, "properties": {"city": "venice", "timestamp": "2026-07-17 13:22:06", "image": "extracted_frames/2026-07-17_13-22-06.jpg", "audio": "", "event_mark": "", "heart_rate": 91.0, "rr": 612.5, "temperature": 36.6, "attention": 41.0, "relaxation": 78.0, "sync_rate": 68.0, "mental_effort": -37.0, "familarity": -22.0, "pitch": 17.0, "yaw": -17.0, "roll": -5.0, "delta": 2192374, "theta": 249679, "low_alpha": 27847, "high_alpha": 96461, "alpha": 124308, "low_beta": 43951, "high_beta": 45335, "beta": 89286, "low_gamma": 39242, "mid_gamma": 12434, "gamma": 51676, "rank": 155, "value": 91.0, "hr": 91.0, "unit": "bpm", "interpolated_fields": "rr", "image_expected_filename": "2026-07-17_13-22-06.jpg", "spectrogram": "spectrogram/2026-07-17_13-22-06.png"}}, {"type": "Feature", "id": 312, "geometry": {"type": "Point", "coordinates": [113.99912, 22.595983]}, "properties": {"city": "venice", "timestamp": "2026-07-17 13:22:16", "image": "extracted_frames/2026-07-17_13-22-16.jpg", "audio": "", "event_mark": "", "heart_rate": 91.0, "rr": 612.5, "temperature": 36.6, "attention": 67.0, "relaxation": 67.0, "sync_rate": 73.0, "mental_effort": -15.0, "familarity": -23.0, "pitch": 32.0, "yaw": -45.0, "roll": -4.0, "delta": 54164, "theta": 55842, "low_alpha": 26111, "high_alpha": 3447, "alpha": 29558, "low_beta": 10905, "high_beta": 26479, "beta": 37384, "low_gamma": 3106, "mid_gamma": 6333, "gamma": 9439, "rank": 156, "value": 91.0, "hr": 91.0, "unit": "bpm", "interpolated_fields": "rr", "image_expected_filename": "2026-07-17_13-22-16.jpg", "spectrogram": "spectrogram/2026-07-17_13-22-16.png"}}, {"type": "Feature", "id": 314, "geometry": {"type": "Point", "coordinates": [113.999172, 22.596072]}, "properties": {"city": "venice", "timestamp": "2026-07-17 13:22:26", "image": "extracted_frames/2026-07-17_13-22-26.jpg", "audio": "", "event_mark": "", "heart_rate": 91.0, "rr": 612.5, "temperature": 36.6, "attention": 8.0, "relaxation": 84.0, "sync_rate": 29.0, "mental_effort": -32.0, "familarity": -26.0, "pitch": 28.0, "yaw": 53.0, "roll": -10.0, "delta": 1561892, "theta": 351132, "low_alpha": 79758, "high_alpha": 49903, "alpha": 129661, "low_beta": 20226, "high_beta": 21750, "beta": 41976, "low_gamma": 25608, "mid_gamma": 12470, "gamma": 38078, "rank": 157, "value": 91.0, "hr": 91.0, "unit": "bpm", "interpolated_fields": "rr", "image_expected_filename": "2026-07-17_13-22-26.jpg", "spectrogram": "spectrogram/2026-07-17_13-22-26.png"}}, {"type": "Feature", "id": 316, "geometry": {"type": "Point", "coordinates": [113.999224, 22.596162]}, "properties": {"city": "venice", "timestamp": "2026-07-17 13:22:36", "image": "extracted_frames/2026-07-17_13-22-36.jpg", "audio": "", "event_mark": "", "heart_rate": 90.0, "rr": 612.5, "temperature": 36.6, "attention": 51.0, "relaxation": 63.0, "sync_rate": 40.0, "mental_effort": -18.0, "familarity": 3.0, "pitch": 12.0, "yaw": 103.0, "roll": -2.0, "delta": 119115, "theta": 16002, "low_alpha": 18122, "high_alpha": 17439, "alpha": 35561, "low_beta": 4655, "high_beta": 14360, "beta": 19015, "low_gamma": 11039, "mid_gamma": 5627, "gamma": 16666, "rank": 158, "value": 90.0, "hr": 90.0, "unit": "bpm", "interpolated_fields": "rr", "image_expected_filename": "2026-07-17_13-22-36.jpg", "spectrogram": "spectrogram/2026-07-17_13-22-36.png"}}, {"type": "Feature", "id": 318, "geometry": {"type": "Point", "coordinates": [113.999276, 22.596251]}, "properties": {"city": "venice", "timestamp": "2026-07-17 13:22:46", "image": "extracted_frames/2026-07-17_13-22-46.jpg", "audio": "", "event_mark": "", "heart_rate": 87.0, "rr": 612.5, "temperature": 36.6, "attention": 10.0, "relaxation": 60.0, "sync_rate": 64.0, "mental_effort": -35.0, "familarity": 24.0, "pitch": -17.0, "yaw": 128.0, "roll": -8.0, "delta": 230433, "theta": 65221, "low_alpha": 12127, "high_alpha": 21352, "alpha": 33479, "low_beta": 14109, "high_beta": 13234, "beta": 27343, "low_gamma": 6060, "mid_gamma": 6184, "gamma": 12244, "rank": 159, "value": 87.0, "hr": 87.0, "unit": "bpm", "interpolated_fields": "rr", "image_expected_filename": "2026-07-17_13-22-46.jpg", "spectrogram": "spectrogram/2026-07-17_13-22-46.png"}}, {"type": "Feature", "id": 320, "geometry": {"type": "Point", "coordinates": [113.999328, 22.59634]}, "properties": {"city": "venice", "timestamp": "2026-07-17 13:22:56", "image": "extracted_frames/2026-07-17_13-22-56.jpg", "audio": "", "event_mark": "", "heart_rate": 89.0, "rr": 612.5, "temperature": 36.6, "attention": 21.0, "relaxation": 48.0, "sync_rate": 82.0, "mental_effort": -16.0, "familarity": -8.0, "pitch": 13.0, "yaw": -147.0, "roll": -6.0, "delta": 75850, "theta": 92562, "low_alpha": 6721, "high_alpha": 8202, "alpha": 14923, "low_beta": 16747, "high_beta": 6898, "beta": 23645, "low_gamma": 2270, "mid_gamma": 4916, "gamma": 7186, "rank": 160, "value": 89.0, "hr": 89.0, "unit": "bpm", "interpolated_fields": "rr", "image_expected_filename": "2026-07-17_13-22-56.jpg", "spectrogram": "spectrogram/2026-07-17_13-22-56.png"}}, {"type": "Feature", "id": 322, "geometry": {"type": "Point", "coordinates": [113.99938, 22.59643]}, "properties": {"city": "venice", "timestamp": "2026-07-17 13:23:06", "image": "extracted_frames/2026-07-17_13-23-06.jpg", "audio": "", "event_mark": "", "heart_rate": 95.0, "rr": 612.5, "temperature": 36.6, "attention": 10.0, "relaxation": 67.0, "sync_rate": 54.0, "mental_effort": 0.0, "familarity": -5.0, "pitch": -1.0, "yaw": -120.0, "roll": -5.0, "delta": 186119, "theta": 21474, "low_alpha": 5339, "high_alpha": 6965, "alpha": 12304, "low_beta": 2357, "high_beta": 1065, "beta": 3422, "low_gamma": 1920, "mid_gamma": 1967, "gamma": 3887, "rank": 161, "value": 95.0, "hr": 95.0, "unit": "bpm", "interpolated_fields": "rr", "image_expected_filename": "2026-07-17_13-23-06.jpg", "spectrogram": "spectrogram/2026-07-17_13-23-06.png"}}, {"type": "Feature", "id": 324, "geometry": {"type": "Point", "coordinates": [113.999432, 22.596519]}, "properties": {"city": "venice", "timestamp": "2026-07-17 13:23:16", "image": "extracted_frames/2026-07-17_13-23-16.jpg", "audio": "", "event_mark": "", "heart_rate": 92.0, "rr": 612.5, "temperature": 36.6, "attention": 1.0, "relaxation": 29.0, "sync_rate": 62.0, "mental_effort": 13.0, "familarity": 14.0, "pitch": 15.0, "yaw": -68.0, "roll": -10.0, "delta": 397193, "theta": 661714, "low_alpha": 26536, "high_alpha": 13815, "alpha": 40351, "low_beta": 11736, "high_beta": 25048, "beta": 36784, "low_gamma": 24166, "mid_gamma": 5903, "gamma": 30069, "rank": 162, "value": 92.0, "hr": 92.0, "unit": "bpm", "interpolated_fields": "rr", "image_expected_filename": "2026-07-17_13-23-16.jpg", "spectrogram": "spectrogram/2026-07-17_13-23-16.png"}}, {"type": "Feature", "id": 326, "geometry": {"type": "Point", "coordinates": [113.999487, 22.596618]}, "properties": {"city": "venice", "timestamp": "2026-07-17 13:23:26", "image": "extracted_frames/2026-07-17_13-23-26.jpg", "audio": "", "event_mark": "", "heart_rate": 89.0, "rr": 612.5, "temperature": 36.6, "attention": 57.0, "relaxation": 61.0, "sync_rate": 80.0, "mental_effort": 13.0, "familarity": 14.0, "pitch": 9.0, "yaw": 120.0, "roll": -8.0, "delta": 86902, "theta": 39069, "low_alpha": 4780, "high_alpha": 4374, "alpha": 9154, "low_beta": 4181, "high_beta": 9741, "beta": 13922, "low_gamma": 2673, "mid_gamma": 2258, "gamma": 4931, "rank": 163, "value": 89.0, "hr": 89.0, "unit": "bpm", "interpolated_fields": "rr, mental_effort, familarity", "image_expected_filename": "2026-07-17_13-23-26.jpg", "spectrogram": "spectrogram/2026-07-17_13-23-26.png"}}, {"type": "Feature", "id": 328, "geometry": {"type": "Point", "coordinates": [113.999537, 22.596723]}, "properties": {"city": "venice", "timestamp": "2026-07-17 13:23:36", "image": "extracted_frames/2026-07-17_13-23-36.jpg", "audio": "", "event_mark": "", "heart_rate": 87.0, "rr": 612.5, "temperature": 36.6, "attention": 64.0, "relaxation": 69.0, "sync_rate": 32.0, "mental_effort": 13.0, "familarity": 14.0, "pitch": 11.0, "yaw": -173.0, "roll": -8.0, "delta": 59706, "theta": 17835, "low_alpha": 16120, "high_alpha": 5533, "alpha": 21653, "low_beta": 12933, "high_beta": 14688, "beta": 27621, "low_gamma": 17422, "mid_gamma": 5545, "gamma": 22967, "rank": 164, "value": 87.0, "hr": 87.0, "unit": "bpm", "interpolated_fields": "rr, mental_effort, familarity", "image_expected_filename": "2026-07-17_13-23-36.jpg", "spectrogram": "spectrogram/2026-07-17_13-23-36.png"}}, {"type": "Feature", "id": 330, "geometry": {"type": "Point", "coordinates": [113.999579, 22.596816]}, "properties": {"city": "venice", "timestamp": "2026-07-17 13:23:46", "image": "extracted_frames/2026-07-17_13-23-46.jpg", "audio": "", "event_mark": "", "heart_rate": 87.0, "rr": 612.5, "temperature": 36.6, "attention": 51.0, "relaxation": 57.0, "sync_rate": 45.0, "mental_effort": 13.0, "familarity": 14.0, "pitch": 7.0, "yaw": 69.0, "roll": -12.0, "delta": 1117763, "theta": 382111, "low_alpha": 73076, "high_alpha": 23985, "alpha": 97061, "low_beta": 16673, "high_beta": 34673, "beta": 51346, "low_gamma": 11492, "mid_gamma": 9922, "gamma": 21414, "rank": 165, "value": 87.0, "hr": 87.0, "unit": "bpm", "interpolated_fields": "rr, mental_effort, familarity", "image_expected_filename": "2026-07-17_13-23-46.jpg", "spectrogram": "spectrogram/2026-07-17_13-23-46.png"}}, {"type": "Feature", "id": 332, "geometry": {"type": "Point", "coordinates": [113.99962, 22.596909]}, "properties": {"city": "venice", "timestamp": "2026-07-17 13:23:56", "image": "extracted_frames/2026-07-17_13-23-56.jpg", "audio": "", "event_mark": "", "heart_rate": 83.0, "rr": 612.5, "temperature": 36.6, "attention": 41.0, "relaxation": 70.0, "sync_rate": 66.0, "mental_effort": 13.0, "familarity": 14.0, "pitch": -29.0, "yaw": 140.0, "roll": 3.0, "delta": 986385, "theta": 360712, "low_alpha": 80739, "high_alpha": 114297, "alpha": 195036, "low_beta": 57913, "high_beta": 101558, "beta": 159471, "low_gamma": 128583, "mid_gamma": 27944, "gamma": 156527, "rank": 166, "value": 83.0, "hr": 83.0, "unit": "bpm", "interpolated_fields": "rr, mental_effort, familarity", "image_expected_filename": "2026-07-17_13-23-56.jpg", "spectrogram": "spectrogram/2026-07-17_13-23-56.png"}}, {"type": "Feature", "id": 334, "geometry": {"type": "Point", "coordinates": [113.999662, 22.597001]}, "properties": {"city": "venice", "timestamp": "2026-07-17 13:24:06", "image": "extracted_frames/2026-07-17_13-24-06.jpg", "audio": "", "event_mark": "", "heart_rate": 94.0, "rr": 612.5, "temperature": 36.6, "attention": 20.0, "relaxation": 48.0, "sync_rate": 55.0, "mental_effort": 13.0, "familarity": 14.0, "pitch": -45.0, "yaw": -149.0, "roll": -108.0, "delta": 635221, "theta": 70279, "low_alpha": 27255, "high_alpha": 6799, "alpha": 34054, "low_beta": 6400, "high_beta": 19296, "beta": 25696, "low_gamma": 10194, "mid_gamma": 2745, "gamma": 12939, "rank": 167, "value": 94.0, "hr": 94.0, "unit": "bpm", "interpolated_fields": "rr, mental_effort, familarity", "image_expected_filename": "2026-07-17_13-24-06.jpg", "spectrogram": "spectrogram/2026-07-17_13-24-06.png"}}, {"type": "Feature", "id": 336, "geometry": {"type": "Point", "coordinates": [113.999698, 22.597099]}, "properties": {"city": "venice", "timestamp": "2026-07-17 13:24:16", "image": "extracted_frames/2026-07-17_13-24-16.jpg", "audio": "", "event_mark": "", "heart_rate": 101.0, "rr": 612.5, "temperature": 36.6, "attention": 48.0, "relaxation": 70.0, "sync_rate": 76.0, "mental_effort": 13.0, "familarity": 14.0, "pitch": 0.0, "yaw": 0.0, "roll": 0.0, "delta": 177085, "theta": 24539, "low_alpha": 3054, "high_alpha": 8650, "alpha": 11704, "low_beta": 17937, "high_beta": 15448, "beta": 33385, "low_gamma": 7143, "mid_gamma": 2389, "gamma": 9532, "rank": 168, "value": 101.0, "hr": 101.0, "unit": "bpm", "interpolated_fields": "rr, pitch, yaw, roll, mental_effort, familarity", "image_expected_filename": "2026-07-17_13-24-16.jpg", "spectrogram": "spectrogram/2026-07-17_13-24-16.png"}}, {"type": "Feature", "id": 338, "geometry": {"type": "Point", "coordinates": [113.999733, 22.597198]}, "properties": {"city": "venice", "timestamp": "2026-07-17 13:24:26", "image": "extracted_frames/2026-07-17_13-24-26.jpg", "audio": "", "event_mark": "", "heart_rate": 95.0, "rr": 612.5, "temperature": 36.6, "attention": 54.0, "relaxation": 57.0, "sync_rate": 69.0, "mental_effort": 13.0, "familarity": 14.0, "pitch": 0.0, "yaw": 0.0, "roll": 0.0, "delta": 1082842, "theta": 52428, "low_alpha": 7832, "high_alpha": 8595, "alpha": 16427, "low_beta": 5136, "high_beta": 7734, "beta": 12870, "low_gamma": 9262, "mid_gamma": 6881, "gamma": 16143, "rank": 169, "value": 95.0, "hr": 95.0, "unit": "bpm", "interpolated_fields": "rr, pitch, yaw, roll, mental_effort, familarity", "image_expected_filename": "2026-07-17_13-24-26.jpg", "spectrogram": "spectrogram/2026-07-17_13-24-26.png"}}, {"type": "Feature", "id": 340, "geometry": {"type": "Point", "coordinates": [113.999789, 22.597289]}, "properties": {"city": "venice", "timestamp": "2026-07-17 13:24:36", "image": "extracted_frames/2026-07-17_13-24-36.jpg", "audio": "", "event_mark": "", "heart_rate": 89.0, "rr": 612.5, "temperature": 36.5, "attention": 30.0, "relaxation": 66.0, "sync_rate": 22.0, "mental_effort": 13.0, "familarity": 14.0, "pitch": 0.0, "yaw": 0.0, "roll": 0.0, "delta": 593595, "theta": 86717, "low_alpha": 18011, "high_alpha": 11853, "alpha": 29864, "low_beta": 8808, "high_beta": 12422, "beta": 21230, "low_gamma": 19073, "mid_gamma": 7195, "gamma": 26268, "rank": 170, "value": 89.0, "hr": 89.0, "unit": "bpm", "interpolated_fields": "rr, pitch, yaw, roll, mental_effort, familarity", "image_expected_filename": "2026-07-17_13-24-36.jpg", "spectrogram": "spectrogram/2026-07-17_13-24-36.png"}}, {"type": "Feature", "id": 342, "geometry": {"type": "Point", "coordinates": [113.999794, 22.597341]}, "properties": {"city": "venice", "timestamp": "2026-07-17 13:24:46", "image": "extracted_frames/2026-07-17_13-24-46.jpg", "audio": "", "event_mark": "", "heart_rate": 90.0, "rr": 612.5, "temperature": 36.55, "attention": 26.0, "relaxation": 45.5, "sync_rate": 60.5, "mental_effort": 13.0, "familarity": 14.0, "pitch": 0.0, "yaw": 0.0, "roll": 0.0, "delta": 871416, "theta": 257968, "low_alpha": 26702, "high_alpha": 24917, "alpha": 51618, "low_beta": 11468, "high_beta": 37202, "beta": 48670, "low_gamma": 19002, "mid_gamma": 8948, "gamma": 27950, "rank": 171, "value": 90.0, "hr": 90.0, "unit": "bpm", "interpolated_fields": "rr, attention, relaxation, delta, theta, low_alpha, high_alpha, low_beta, high_beta, low_gamma, mid_gamma, pitch, yaw, roll, sync_rate, mental_effort, familarity, temperature, heart_rate", "image_expected_filename": "2026-07-17_13-24-46.jpg", "spectrogram": "spectrogram/2026-07-17_13-24-46.png"}}, {"type": "Feature", "id": 344, "geometry": {"type": "Point", "coordinates": [113.9998, 22.597394]}, "properties": {"city": "venice", "timestamp": "2026-07-17 13:24:56", "image": "extracted_frames/2026-07-17_13-24-56.jpg", "audio": "", "event_mark": "", "heart_rate": 92.0, "rr": 612.5, "temperature": 36.6, "attention": 21.0, "relaxation": 77.0, "sync_rate": 43.0, "mental_effort": 13.0, "familarity": 14.0, "pitch": 0.0, "yaw": 0.0, "roll": 0.0, "delta": 139573, "theta": 44323, "low_alpha": 24892, "high_alpha": 29557, "alpha": 54449, "low_beta": 5835, "high_beta": 5396, "beta": 11231, "low_gamma": 9695, "mid_gamma": 16456, "gamma": 26151, "rank": 172, "value": 92.0, "hr": 92.0, "unit": "bpm", "interpolated_fields": "rr, pitch, yaw, roll, mental_effort, familarity", "image_expected_filename": "2026-07-17_13-24-56.jpg", "spectrogram": "spectrogram/2026-07-17_13-24-56.png"}}, {"type": "Feature", "id": 346, "geometry": {"type": "Point", "coordinates": [113.999805, 22.597447]}, "properties": {"city": "venice", "timestamp": "2026-07-17 13:25:06", "image": "extracted_frames/2026-07-17_13-25-06.jpg", "audio": "", "event_mark": "", "heart_rate": 96.0, "rr": 612.5, "temperature": 36.6, "attention": 48.0, "relaxation": 74.0, "sync_rate": 60.0, "mental_effort": 13.0, "familarity": 14.0, "pitch": 0.0, "yaw": 0.0, "roll": 0.0, "delta": 649273, "theta": 177168, "low_alpha": 31143, "high_alpha": 23035, "alpha": 54178, "low_beta": 11036, "high_beta": 31129, "beta": 42165, "low_gamma": 55205, "mid_gamma": 7738, "gamma": 62943, "rank": 173, "value": 96.0, "hr": 96.0, "unit": "bpm", "interpolated_fields": "rr, pitch, yaw, roll, mental_effort, familarity", "image_expected_filename": "2026-07-17_13-25-06.jpg", "spectrogram": "spectrogram/2026-07-17_13-25-06.png"}}, {"type": "Feature", "id": 348, "geometry": {"type": "Point", "coordinates": [113.999811, 22.597499]}, "properties": {"city": "venice", "timestamp": "2026-07-17 13:25:16", "image": "extracted_frames/2026-07-17_13-25-16.jpg", "audio": "", "event_mark": "结束", "heart_rate": 97.0, "rr": 612.5, "temperature": 36.6, "attention": 21.0, "relaxation": 70.0, "sync_rate": 47.0, "mental_effort": 13.0, "familarity": 14.0, "pitch": 0.0, "yaw": 0.0, "roll": 0.0, "delta": 1498063, "theta": 188475, "low_alpha": 83746, "high_alpha": 18871, "alpha": 102617, "low_beta": 16145, "high_beta": 18043, "beta": 34188, "low_gamma": 35229, "mid_gamma": 23825, "gamma": 59054, "rank": 174, "value": 97.0, "hr": 97.0, "unit": "bpm", "interpolated_fields": "rr, pitch, yaw, roll, mental_effort, familarity", "image_expected_filename": "2026-07-17_13-25-16.jpg", "spectrogram": "spectrogram/2026-07-17_13-25-16.png"}}]}